Title,ID,Type,Link 1 ,Link 2,Link 3 ,Link 4,Link 5,Link 6,Link 7,Link 8,Link 9,Link 10,Link 11,Link 12,Link 13,Link 14,Link 15,Link 16,Link 17,Link 18,Link 19,Link 20,Link 21,Link 22,Link 23,Link 24,Link 25,Link 26,Link 27,Link 28,Link 29,Link 30,Link 31,Link 32,Link 33,Link 34,Link 35,Link 36,Link 37,Link 38,Link 39,Link 40
【OSHI NO KO】,203737,tv,https://t.me/FilmHouseFilebot?start=BQADAQAD5hgAArFaKUahDdAVsm6bAhYE,https://t.me/FilmHouseFilebot?start=BQADAQAD7RgAArFaKUYM0KQhNbaouBYE,,,,,,,,,,,,,,,,,,,,,,,,,,,,,,,,,,,,,,
12 Hours,933398-12-hours,movie,https://t.me/filmHouseFile1bot?start=BQADAQADdiAAAh-4UEYlxQqZ05iltxYE,,,,,,,,,,,,,,,,,,,,,,,,,,,,,,,,,,,,,,,
13 Reasons Why,66788-13-reasons-why,tv,https://t.me/FilmHouseFilebot?start=BQADAQADIgUAAux2OUS9oLphBgwp0RYE,https://t.me/FilmHouseFilebot?start=BQADAQADJAUAAux2OUQdZJwHZxSDuBYE,https://t.me/FilmHouseFilebot?start=BQADAQADKAUAAux2OUTMJ9AUcvVYnBYE,https://t.me/FilmHouseFilebot?start=BQADAQADKwUAAux2OURQ1nY3XwpPRBYE,,,,,,,,,,,,,,,,,,,,,,,,,,,,,,,,,,,,
1917,530915-1917,movie,https://t.me/filmHouseFile1bot?start=BQADAQADAx8AAh-4UEZM2D3oPCDZ9hYE,,,,,,,,,,,,,,,,,,,,,,,,,,,,,,,,,,,,,,,
2 Fast 2 Furious,584-2-fast-2-furious,movie,https://t.me/filmHouseFile1bot?start=BQADAQADGQkAAh-4SEbYrA1reSvelBYE,,,,,,,,,,,,,,,,,,,,,,,,,,,,,,,,,,,,,,,
3 Idiots,20453-3-idiots,movie,https://t.me/filmHouseFile1bot?start=BQADAQAD2iAAAh-4UEacle6bRw1ohBYE,,,,,,,,,,,,,,,,,,,,,,,,,,,,,,,,,,,,,,,
40 Dates and 40 Nights (2026),1431804-40-dates-and-40-nights,movie,https://t.me/filmHouseFile1bot?start=BQADAQAD2Q4AAq-EQEa4QWGK0y6xfxYE,,,,,,,,,,,,,,,,,,,,,,,,,,,,,,,,,,,,,,,
50 First Dates,1824-50-first-dates,movie,https://t.me/filmHouseFile1bot?start=BQADAQADdyAAAh-4UEbF22c87SRVlBYE,,,,,,,,,,,,,,,,,,,,,,,,,,,,,,,,,,,,,,,
6 Underground,509967-6-underground,movie,https://t.me/filmHouseFile1bot?start=BQADAQADeSAAAh-4UEY-eYdBy009NxYE,,,,,,,,,,,,,,,,,,,,,,,,,,,,,,,,,,,,,,,
A Lot Like Love,1138052-a-lot-like-love,movie,https://t.me/FilmHouseFilebot?start=BQADAQADrg8AAh50AAFGd5bgj6FxzXoWBA,,,,,,,,,,,,,,,,,,,,,,,,,,,,,,,,,,,,,,,
A Loud House Christmas,674610-a-loud-house-christmas,movie,https://t.me/FilmHouseFilebot?start=BQADAQADbQQAAgiQMEQGxafQ2MdSchYE,,,,,,,,,,,,,,,,,,,,,,,,,,,,,,,,,,,,,,,
A Madea Christmas,175555-a-madea-christmas,movie,https://t.me/filmHouseFile1bot?start=BQADAQADwR4AAh-4UEYYksCwxjfsoBYE,,,,,,,,,,,,,,,,,,,,,,,,,,,,,,,,,,,,,,,
A Madea Family Funeral,464504-a-madea-family-funeral,movie,https://t.me/filmHouseFile1bot?start=BQADAQAD3h4AAh-4UEZ3Qf1biigbthYE,,,,,,,,,,,,,,,,,,,,,,,,,,,,,,,,,,,,,,,
A Minecraft Movie,950387-a-minecraft-movie,movie,https://t.me/filmHouseFile1bot?start=BQADAQADRR4AAh-4UEYFSHd-UeP-KxYE,https://t.me/filmHouseFile1bot?start=BQADAQADQx4AAh-4UEZQ175adOHQHRYE,,,,,,,,,,,,,,,,,,,,,,,,,,,,,,,,,,,,,,
A Really Haunted Loud House,1146147-a-really-haunted-loud-house,movie,https://t.me/FilmHouseFilebot?start=BQADAQADcQQAAgiQMEQbC244G-adJBYE,,,,,,,,,,,,,,,,,,,,,,,,,,,,,,,,,,,,,,,
A Simple Lie,1107691-a-simple-lie,movie,https://t.me/FilmHouseFilebot?start=BQADAQADTw8AAh50AAFGiy4f1ocGy-oWBA,,,,,,,,,,,,,,,,,,,,,,,,,,,,,,,,,,,,,,,
A Sunday Affair,1076955-entre-el-amor-y-la-amistad,movie,https://t.me/FilmHouseFilebot?start=BQADAQADyQ4AAh50AAFGqX80sBiJ-vsWBA,,,,,,,,,,,,,,,,,,,,,,,,,,,,,,,,,,,,,,,
A Tribe Called Judah,1206988-a-tribe-called-judah,movie,https://t.me/FilmHouseFilebot?start=BQADAQADqg4AAh50AAFGUmsDRSgZfJcWBA,,,,,,,,,,,,,,,,,,,,,,,,,,,,,,,,,,,,,,,
A Weekend to Forget,1174928-a-weekend-to-forget,movie,https://t.me/FilmHouseFilebot?start=BQADAQADGw8AAh50AAFGsU8Tn1dGmfsWBA,,,,,,,,,,,,,,,,,,,,,,,,,,,,,,,,,,,,,,,
Adulting,245679-adulting,tv,https://t.me/FilmHouseFilebot?start=BQADAQADmA4AAh50AAFGnuKYx_DuP-0WBA,,,,,,,,,,,,,,,,,,,,,,,,,,,,,,,,,,,,,,,
After,537915-after,movie,https://t.me/FilmHouseFilebot?start=BQADAQADQhkAAkKtqEWEfD9jeCUimhYE,,,,,,,,,,,,,,,,,,,,,,,,,,,,,,,,,,,,,,,
After Ever Happy,744276-after-ever-happy,movie,https://t.me/FilmHouseFilebot?start=BQADAQADSxkAAkKtqEXr6QISvKXG2BYE,,,,,,,,,,,,,,,,,,,,,,,,,,,,,,,,,,,,,,,
After Everything,820525-after-everything,movie,https://t.me/FilmHouseFilebot?start=BQADAQADTxkAAkKtqEXXJ4mWUmS_-BYE,https://t.me/FilmHouseFilebot?start=BQADAQADTBkAAkKtqEVgZbp-VMHUbBYE,,,,,,,,,,,,,,,,,,,,,,,,,,,,,,,,,,,,,,
After We Collided,613504-after-we-collided,movie,https://t.me/FilmHouseFilebot?start=BQADAQADRRkAAkKtqEWXU-NeWPiOQxYE,,,,,,,,,,,,,,,,,,,,,,,,,,,,,,,,,,,,,,,
After We Fell,744275-after-we-fell,movie,https://t.me/FilmHouseFilebot?start=BQADAQADShkAAkKtqEWclArAfbdXmxYE,,,,,,,,,,,,,,,,,,,,,,,,,,,,,,,,,,,,,,,
Agatha All Along,138501-agatha-all-along,tv,https://t.me/FilmHouseFilebot?start=BQADAQADLhIAArFaIUZaGOzND-kr5BYE,,,,,,,,,,,,,,,,,,,,,,,,,,,,,,,,,,,,,,,
Airplane Mode,550115-airplane-mode,movie,https://t.me/FilmHouseFilebot?start=BQADAQADkBgAAkKtqEVlaPSWHoP1hhYE,,,,,,,,,,,,,,,,,,,,,,,,,,,,,,,,,,,,,,,
Ajin,65292-ajin,tv,https://t.me/FilmHouseFilebot?start=BQADAQADtxcAArFaKUYanhuwGZFNlxYE,https://t.me/FilmHouseFilebot?start=BQADAQADvhcAArFaKUa309-JVLHSDhYE,,,,,,,,,,,,,,,,,,,,,,,,,,,,,,,,,,,,,,
Akame ga Kill!,61223,tv,https://t.me/FilmHouseFilebot?start=BQADAQADGRcAArFaKUZZ64oQwXrxThYE,,,,,,,,,,,,,,,,,,,,,,,,,,,,,,,,,,,,,,,
"Alexander and the Terrible, Horrible, No Good, Very Bad Day",218778-alexander-and-the-terrible-horrible-no-good-very-bad-day,movie,https://t.me/filmHouseFile1bot?start=BQADAQADiSAAAh-4UEYh3kvKo0dMkhYE,,,,,,,,,,,,,,,,,,,,,,,,,,,,,,,,,,,,,,,
All American,82428-all-american,tv,https://t.me/FilmHouseFilebot?start=BQADAQADVA8AAgiQKETmC9JqwRuhTBYE,https://t.me/FilmHouseFilebot?start=BQADAQADNwQAAgiQMER8mcjQ28_DuhYE,https://t.me/FilmHouseFilebot?start=BQADAQADOAQAAgiQMEQanB1xm3YREBYE,https://t.me/FilmHouseFilebot?start=BQADAQADOQQAAgiQMERWMp_GRgPVNxYE,https://t.me/FilmHouseFilebot?start=BQADAQADgwQAAgiQMEQ7N3K6F9_g0RYE,,,,,,,,,,,,,,,,,,,,,,,,,,,,,,,,,,,
All American: Homecoming,153723-all-american-homecoming,tv,https://t.me/FilmHouseFilebot?start=BQADAQADWQQAAgiQMEQzhC66CjYYaBYE,https://t.me/FilmHouseFilebot?start=BQADAQADWgQAAgiQMESk_WiKmYhY8hYE,,,,,,,,,,,,,,,,,,,,,,,,,,,,,,,,,,,,,,
All Ladies Do It,849920-all-ladies-do-it,movie,https://t.me/filmHouseFile1bot?start=BQADAQADVhEAAq-EQEb_d_SGMFiAIBYE,,,,,,,,,,,,,,,,,,,,,,,,,,,,,,,,,,,,,,,
All na Vibes,1081943-all-na-vibes,movie,https://t.me/FilmHouseFilebot?start=BQADAQADpg4AAh50AAFGpVg3OQJ95ygWBA,,,,,,,,,,,,,,,,,,,,,,,,,,,,,,,,,,,,,,,
American Pie,2105-american-pie,movie,https://t.me/FilmHouseFilebot?start=BQADAQAD-QQAAkADiEVr2rTe_yoI3xYE,,,,,,,,,,,,,,,,,,,,,,,,,,,,,,,,,,,,,,,
American Pie 2,2770-american-pie-2,movie,https://t.me/FilmHouseFilebot?start=BQADAQAD-gQAAkADiEXELcLXYOil7xYE,,,,,,,,,,,,,,,,,,,,,,,,,,,,,,,,,,,,,,,
American Pie Presents: Band Camp,8274-american-pie-presents-band-camp,movie,https://t.me/FilmHouseFilebot?start=BQADAQAD-wQAAkADiEV2PbuR2v3pDxYE,,,,,,,,,,,,,,,,,,,,,,,,,,,,,,,,,,,,,,,
American Pie Presents: Beta House,8277-american-pie-presents-beta-house,movie,https://t.me/FilmHouseFilebot?start=BQADAQAD_QQAAkADiEUjY4DKsCqPdhYE,,,,,,,,,,,,,,,,,,,,,,,,,,,,,,,,,,,,,,,
American Pie Presents: Girls' Rules,660982-american-pie-presents-girls-rules,movie,https://t.me/FilmHouseFilebot?start=BQADAQADBQUAAkADiEXhYsg5Ii19OBYE,,,,,,,,,,,,,,,,,,,,,,,,,,,,,,,,,,,,,,,
American Pie Presents: The Book of Love,26123-american-pie-presents-the-book-of-love,movie,https://t.me/FilmHouseFilebot?start=BQADAQAD_gQAAkADiEW8mSEnMS1H0RYE,,,,,,,,,,,,,,,,,,,,,,,,,,,,,,,,,,,,,,,
American Pie Presents: The Naked Mile,8275-american-pie-presents-the-naked-mile,movie,https://t.me/FilmHouseFilebot?start=BQADAQAD_AQAAkADiEXW9sdzkxnWghYE,,,,,,,,,,,,,,,,,,,,,,,,,,,,,,,,,,,,,,,
American Reunion,71552-american-reunion,movie,https://t.me/FilmHouseFilebot?start=BQADAQADBQQAAr7JgUUK2rsjiehanxYE,,,,,,,,,,,,,,,,,,,,,,,,,,,,,,,,,,,,,,,
American Wedding,8273-american-wedding,movie,https://t.me/FilmHouseFilebot?start=BQADAQADKQUAAkADiEWbo4xfv4cipxYE,,,,,,,,,,,,,,,,,,,,,,,,,,,,,,,,,,,,,,,
An Instant Dad,1208563-an-instant-dad,movie,https://t.me/FilmHouseFilebot?start=BQADAQADIg8AAh50AAFG0dNGqyaKfvkWBA,,,,,,,,,,,,,,,,,,,,,,,,,,,,,,,,,,,,,,,
Angels' Brigade,31251-victorious,movie,https://t.me/+cJUgTGPMeXoyM2Nk,,,,,,,,,,,,,,,,,,,,,,,,,,,,,,,,,,,,,,,
Anger Management,9506-anger-management,movie,https://t.me/filmHouseFile1bot?start=BQADAQADaQkAAh-4SEaem_lEMpwcxRYE,,,,,,,,,,,,,,,,,,,,,,,,,,,,,,,,,,,,,,,
Anime Blade,62798-blade,tv,[object Object],,,,,,,,,,,,,,,,,,,,,,,,,,,,,,,,,,,,,,,
Annie,15739-annie,movie,https://t.me/FilmHouseFilebot?start=BQADAQADghgAAkKtqEUsP7xxHATU0xYE,,,,,,,,,,,,,,,,,,,,,,,,,,,,,,,,,,,,,,,
Annie,196867-annie,movie,https://t.me/FilmHouseFilebot?start=BQADAQADgxgAAkKtqEXXYCvuSH9B3xYE,,,,,,,,,,,,,,,,,,,,,,,,,,,,,,,,,,,,,,,
Ant-Man,102899-ant-man,movie,https://t.me/filmHouseFile1bot?start=BQADAQADNBMAAmjCeUaBwlSpc97gnBYE,,,,,,,,,,,,,,,,,,,,,,,,,,,,,,,,,,,,,,,
Ant-Man and the Wasp,363088-ant-man-and-the-wasp,movie,https://t.me/FilmHouseFilebot?start=BQADAQADuBwAArFaKUb7DvKGel534BYE,,,,,,,,,,,,,,,,,,,,,,,,,,,,,,,,,,,,,,,
Antboy,198436-antboy,movie,https://t.me/filmHouseFile1bot?start=BQADAQAD7iAAAh-4UEYcCzi0xsm1KhYE,,,,,,,,,,,,,,,,,,,,,,,,,,,,,,,,,,,,,,,
Ape vs Mecha Ape,1094844-ape-vs-mecha-ape,movie,https://t.me/filmHouseFile1bot?start=BQADAQADDR4AAq-ESEaRrT0ty0RuBBYE,,,,,,,,,,,,,,,,,,,,,,,,,,,,,,,,,,,,,,,
Arcane,94605-arcane,tv,https://t.me/filmHouseFile1bot?start=BQADAQADMw8AAh-4UEabFtVhYBEvkRYE,,,,,,,,,,,,,,,,,,,,,,,,,,,,,,,,,,,,,,,
At Ease,1381913-at-ease,movie,https://t.me/filmHouseFile1bot?start=BQADAQAD1Q8AAq-EQEZ3OIBDm5cWOBYE,,,,,,,,,,,,,,,,,,,,,,,,,,,,,,,,,,,,,,,
Avatar: The Last Airbender,246-avatar-the-last-airbender,tv,https://t.me/FilmHouseFilebot?start=BQADAQADQQsAAgiQKEScndJgpO0fsBYE,https://t.me/FilmHouseFilebot?start=BQADAQADRQsAAgiQKETEFevhST19sRYE,https://t.me/FilmHouseFilebot?start=BQADAQADRwsAAgiQKETrfsE8S2vjAhYE,,,,,,,,,,,,,,,,,,,,,,,,,,,,,,,,,,,,,
Avengers Confidential: Black Widow & Punisher,257346-avengers-confidential-black-widow-punisher,movie,https://t.me/filmHouseFile1bot?start=BQADAQADfRMAAmjCeUZOkEiHLFqXNBYE,,,,,,,,,,,,,,,,,,,,,,,,,,,,,,,,,,,,,,,
Avengers: Age of Ultron,99861-avengers-age-of-ultron,movie,https://t.me/filmHouseFile1bot?start=BQADAQADMxMAAmjCeUZON0cyIKD8ihYE,,,,,,,,,,,,,,,,,,,,,,,,,,,,,,,,,,,,,,,
Avengers: Endgame,299534-avengers-endgame,movie,https://t.me/FilmHouseFilebot?start=BQADAQAD_hsAArFaKUZZxJHGNKZcsBYE,https://t.me/FilmHouseFilebot?start=BQADAQAD_xsAArFaKUb5-SFTy5_ZgRYE,,,,,,,,,,,,,,,,,,,,,,,,,,,,,,,,,,,,,,
Avengers: Infinity War,299536-avengers-infinity-war,movie,https://t.me/FilmHouseFilebot?start=BQADAQAD1RwAArFaKUZxYdfgshH6WBYE,https://t.me/FilmHouseFilebot?start=BQADAQAD1xwAArFaKUYIYkzjT9JsuhYE,,,,,,,,,,,,,,,,,,,,,,,,,,,,,,,,,,,,,,
Back in Action,993710-back-in-action,movie,https://t.me/filmHouseFile1bot?start=BQADAQADqR4AAh-4UEa68IywqiKXKRYE,,,,,,,,,,,,,,,,,,,,,,,,,,,,,,,,,,,,,,,
Bad Boys: Ride or Die,573435-bad-boys-ride-or-die,movie,https://t.me/filmHouseFile1bot?start=BQADAQADox4AAh-4UEYTffoWndh1xxYE,https://t.me/filmHouseFile1bot?start=BQADAQADpB4AAh-4UEaTzIX2PMTgaxYE,,,,,,,,,,,,,,,,,,,,,,,,,,,,,,,,,,,,,,
Balik Taya,1082206-balik-taya,movie,https://t.me/filmHouseFile1bot?start=BQADAQADUxEAAq-EQEathVIbgn-aDxYE,,,,,,,,,,,,,,,,,,,,,,,,,,,,,,,,,,,,,,,
Banana,54551-banana,movie,https://t.me/filmHouseFile1bot?start=BQADAQADQwcAAh-4WEan9qWVtx5PHBYE,,,,,,,,,,,,,,,,,,,,,,,,,,,,,,,,,,,,,,,
Battle on Buka Street,1058479-battle-on-buka-street,movie,https://t.me/FilmHouseFilebot?start=BQADAQADzQ8AAh50AAFGpiS2H5q8de4WBA,,,,,,,,,,,,,,,,,,,,,,,,,,,,,,,,,,,,,,,
Baymax!,114466-baymax,tv,https://t.me/FilmHouseFilebot?start=BQADAQADRAoAAkADgEWmzX1qDAWafhYE,,,,,,,,,,,,,,,,,,,,,,,,,,,,,,,,,,,,,,,
Before Valentine's,1082109-before-valentine-s,movie,https://t.me/FilmHouseFilebot?start=BQADAQADxQ4AAh50AAFGr4Plv6RP5bwWBA,,,,,,,,,,,,,,,,,,,,,,,,,,,,,,,,,,,,,,,
Bel-Air,107365-bel-air,tv,https://t.me/FilmHouseFilebot?start=BQADAQAD0wQAAhZJEUfXwGRCRS6h8xYE,https://t.me/FilmHouseFilebot?start=BQADAQAD1AQAAhZJEUeN3YpD9f2wBxYE,https://t.me/FilmHouseFilebot?start=BQADAQADmQQAAvt7aEanS8iWvp_FlRYE,,,,,,,,,,,,,,,,,,,,,,,,,,,,,,,,,,,,,
Ben 10,4686-ben-10,tv,https://t.me/filmHouseFile1bot?start=BQADAQADQhsAAq-ESEbsSlCMKEfa1hYE,https://t.me/filmHouseFile1bot?start=BQADAQADRBsAAq-ESEaVq9JLufksghYE,https://t.me/filmHouseFile1bot?start=BQADAQADSxsAAq-ESEaMXH8h40ZTMBYE,https://t.me/filmHouseFile1bot?start=BQADAQADTRsAAq-ESEbQjtc3MCDCARYE,,,,,,,,,,,,,,,,,,,,,,,,,,,,,,,,,,,,
Betray,1212523-betray,movie,https://t.me/filmHouseFile1bot?start=BQADAQADCBcAAq-EQEYiaereeVaQihYE,,,,,,,,,,,,,,,,,,,,,,,,,,,,,,,,,,,,,,,
Betray: Thirst,1433570-betray-thirst,movie,https://t.me/filmHouseFile1bot?start=BQADAQADHBcAAq-EQEbsKFjOQS8MPRYE,,,,,,,,,,,,,,,,,,,,,,,,,,,,,,,,,,,,,,,
Better Half,1722070-better-half,movie,https://t.me/FilmHouseFilebot?start=BQADAQAD2REAAh50AAFGQokojT4gMYoWBA,,,,,,,,,,,,,,,,,,,,,,,,,,,,,,,,,,,,,,,
Better Than Sex,27444-better-than-sex,movie,https://t.me/filmHouseFile1bot?start=BQADAQADgBEAAq-EQEbcod3fXmXShRYE,,,,,,,,,,,,,,,,,,,,,,,,,,,,,,,,,,,,,,,
Big Daddy,9032-big-daddy,movie,https://t.me/filmHouseFile1bot?start=BQADAQADWAkAAh-4SEacqTo4h7u3mRYE,,,,,,,,,,,,,,,,,,,,,,,,,,,,,,,,,,,,,,,
Big Hero 6,177572-big-hero-6,movie,https://t.me/filmHouseFile1bot?start=BQADAQADgxMAAmjCeUZAIfMxlqbB8RYE,,,,,,,,,,,,,,,,,,,,,,,,,,,,,,,,,,,,,,,
Big Hero 6 The Series,68665-big-hero-6,tv,https://t.me/FilmHouseFilebot?start=BQADAQADMx0AArFaKUYtishXJIXxYE,https://t.me/FilmHouseFilebot?start=BQADAQADNh0AArFaKUYAAazlpirSgpgWBA,https://t.me/FilmHouseFilebot?start=BQADAQADOh0AArFaKUbnQyWq-KKT5hYE,,,,,,,,,,,,,,,,,,,,,,,,,,,,,,,,,,,,,
Bigfoot Family,702525-bigfoot-family,movie,https://t.me/filmHouseFile1bot?start=BQADAQADch8AAh-4UEY-jdbMH2P9BxYE,,,,,,,,,,,,,,,,,,,,,,,,,,,,,,,,,,,,,,,
Billy Madison,11017-billy-madison,movie,https://t.me/filmHouseFile1bot?start=BQADAQADagkAAh-4SEY0cSF0t2mMZRYE,,,,,,,,,,,,,,,,,,,,,,,,,,,,,,,,,,,,,,,
Binky Nelson Unpacified,366143-binky-nelson-unpacified,movie,https://t.me/filmHouseFile1bot?start=BQADAQADRAcAAh-4WEbCh07k-A1RgxYE,,,,,,,,,,,,,,,,,,,,,,,,,,,,,,,,,,,,,,,
Black Panther,284054-black-panther,movie,https://t.me/FilmHouseFilebot?start=BQADAQAD-xwAArFaKUb5ElyuHV922RYE,,,,,,,,,,,,,,,,,,,,,,,,,,,,,,,,,,,,,,,
Black Panther: Wakanda Forever,505642-black-panther-wakanda-forever,movie,https://t.me/FilmHouseFilebot?start=BQADAQAD6xUAArFaIUbtpJsMdIv8SBYE,,,,,,,,,,,,,,,,,,,,,,,,,,,,,,,,,,,,,,,
Black Widow,497698-black-widow,movie,https://t.me/FilmHouseFilebot?start=BQADAQADUBsAArFaKUZh8K8DEskWghYE,,,,,,,,,,,,,,,,,,,,,,,,,,,,,,,,,,,,,,,
Bleach,30984-bleach,tv,https://t.me/filmHouseFile1bot?start=BQADAQADthAAAh-4UEZNfzvhCvgdpRYE,,,,,,,,,,,,,,,,,,,,,,,,,,,,,,,,,,,,,,,
Blended,232672-blended,movie,https://t.me/filmHouseFile1bot?start=BQADAQADYgkAAh-4SEaPwLFVgI3kuxYE,,,,,,,,,,,,,,,,,,,,,,,,,,,,,,,,,,,,,,,
Blood and Water,64641-blood-and-water,tv,https://t.me/FilmHouseFilebot?start=BQADAQADbxcAAkKtqEUpWXv5LvR0OBYE,https://t.me/FilmHouseFilebot?start=BQADAQADLwQAApi0qEUh7fRK9ReuYRYE,https://t.me/FilmHouseFilebot?start=BQADAQADdhcAAkKtqEXg0iUm11W-mBYE,,,,,,,,,,,,,,,,,,,,,,,,,,,,,,,,,,,,,
Blood Vessel,1214891-blood-vessel,movie,https://t.me/FilmHouseFilebot?start=BQADAQADMg8AAh50AAFGPaK8j_rVnNYWBA,,,,,,,,,,,,,,,,,,,,,,,,,,,,,,,,,,,,,,,
Bloodthirst,980382-bloodthirst,movie,https://t.me/filmHouseFile1bot?start=BQADAQADEx4AAq-ESEYGlPle8uY2exYE,,,,,,,,,,,,,,,,,,,,,,,,,,,,,,,,,,,,,,,
Blue Beetle,565770-blue-beetle,movie,https://t.me/FilmHouseFilebot?start=BQADAQADRxEAAo_EuUVwBlj5JfMOBRYE,https://t.me/FilmHouseFilebot?start=BQADAQADRREAAo_EuUWUDNGYrAfX9RYE,,,,,,,,,,,,,,,,,,,,,,,,,,,,,,,,,,,,,,
BLUE EYE SAMURAI,225180-blue-eye-samurai,tv,https://t.me/filmHouseFile1bot?start=BQADAQAD7hAAAh-4UEYPxu6oMoj_VBYE,,,,,,,,,,,,,,,,,,,,,,,,,,,,,,,,,,,,,,,
BNA,92592-bna,tv,https://t.me/filmHouseFile1bot?start=BQADAQADWRAAAh-4UEZM7QOioXEy4RYE,,,,,,,,,,,,,,,,,,,,,,,,,,,,,,,,,,,,,,,
Boo 2! A Madea Halloween,459202-boo-2-a-madea-halloween,movie,https://t.me/filmHouseFile1bot?start=BQADAQADxB4AAh-4UEaXPMf_HCqmvhYE,,,,,,,,,,,,,,,,,,,,,,,,,,,,,,,,,,,,,,,
Boo! A Madea Halloween,380124-boo-a-madea-halloween,movie,https://t.me/filmHouseFile1bot?start=BQADAQADwx4AAh-4UEYDnohUOUCAlxYE,,,,,,,,,,,,,,,,,,,,,,,,,,,,,,,,,,,,,,,
Borders of Love,993234-hranice-lasky,movie,https://t.me/filmHouseFile1bot?start=BQADAQADYREAAq-EQEYssX6_Jve7-BYE,,,,,,,,,,,,,,,,,,,,,,,,,,,,,,,,,,,,,,,
Boycott,1618414-boycott,movie,https://t.me/FilmHouseFilebot?start=BQADAQADlw8AAh50AAFGuwuctS1r51YWBA,,,,,,,,,,,,,,,,,,,,,,,,,,,,,,,,,,,,,,,
Brave,62177-brave,movie,https://t.me/filmHouseFile1bot?start=BQADAQADlB0AAq-ESEasbfDrK0Ic0xYE,,,,,,,,,,,,,,,,,,,,,,,,,,,,,,,,,,,,,,,
Breathe,407445-breathe,movie,https://t.me/filmHouseFile1bot?start=BQADAQADrR0AAq-ESEb88aCwneE36BYE,,,,,,,,,,,,,,,,,,,,,,,,,,,,,,,,,,,,,,,
Brickleberry,44169-brickleberry,tv,https://t.me/filmHouseFile1bot?start=BQADAQADMxwAAq-ESEZ5iHRUVrptTBYE,https://t.me/filmHouseFile1bot?start=BQADAQADNBwAAq-ESEaqnshA56D_ahYE,https://t.me/filmHouseFile1bot?start=BQADAQADNxwAAq-ESEZLBPp_2uahJRYE,,,,,,,,,,,,,,,,,,,,,,,,,,,,,,,,,,,,,
Bride of Chucky,11932-bride-of-chucky,movie,https://t.me/FilmHouseFilebot?start=BQADAQADrwUAAkmBwESeC5FDhH-_PBYE,,,,,,,,,,,,,,,,,,,,,,,,,,,,,,,,,,,,,,,
Bridge to Terabithia,1265-bridge-to-terabithia,movie,https://t.me/filmHouseFile1bot?start=BQADAQADhQkAAh-4SEaVxeu3D45QkRYE,,,,,,,,,,,,,,,,,,,,,,,,,,,,,,,,,,,,,,,
Bridgerton,91239-bridgerton,tv,https://t.me/FilmHouseFilebot?start=BQADAQADtQoAApMnOEZPHMP6lq5YKBYE,https://t.me/FilmHouseFilebot?start=BQADAQADtwoAApMnOEbu4rTarMxwGxYE,https://t.me/+f2bSAcXJDCpmNGJk,,,,,,,,,,,,,,,,,,,,,,,,,,,,,,,,,,,,,
Brotherhood,1042978-brotherhood,movie,https://t.me/FilmHouseFilebot?start=BQADAQADjg4AAh50AAFGGDBcqWWyGbAWBA,,,,,,,,,,,,,,,,,,,,,,,,,,,,,,,,,,,,,,,
Brute 1976,1221415-brute-1976,movie,https://t.me/filmHouseFile1bot?start=BQADAQADHB0AAq-ESEYCMTw4ebK3GRYE,,,,,,,,,,,,,,,,,,,,,,,,,,,,,,,,,,,,,,,
Bula,1014840-bula,movie,https://t.me/filmHouseFile1bot?start=BQADAQAD-A8AAq-EQEZdhnOciWEqThYE,,,,,,,,,,,,,,,,,,,,,,,,,,,,,,,,,,,,,,,
Burden of Proof,1723646-burden-of-proof,movie,https://t.me/FilmHouseFilebot?start=BQADAQADehQAArFaKUbCFGzJuPh1FBYE,,,,,,,,,,,,,,,,,,,,,,,,,,,,,,,,,,,,,,,
Butcher's Crossing,843846-butcher-s-crossing,movie,https://t.me/filmHouseFile1bot?start=BQADAQADFB4AAq-ESEYem2JFb34MjBYE,,,,,,,,,,,,,,,,,,,,,,,,,,,,,,,,,,,,,,,
Cake,1019978-cake,movie,https://t.me/FilmHouseFilebot?start=BQADAQAD6xMAAghnMUZ6iGWl5qR7CBYE,,,,,,,,,,,,,,,,,,,,,,,,,,,,,,,,,,,,,,,
Campione!,46184-campione,tv,https://t.me/FilmHouseFilebot?start=BQADAQADVBMAAghnMUZHE1aqtz_EUhYE,,,,,,,,,,,,,,,,,,,,,,,,,,,,,,,,,,,,,,,
Captain America: Brave New World,822119-captain-america-brave-new-world,movie,https://t.me/FilmHouseFilebot?start=BQADAQAD7BEAArFaIUanXyQqiBVfUhYE,https://t.me/FilmHouseFilebot?start=BQADAQAD7hEAArFaIUbHFI4DLoJYCRYE,,,,,,,,,,,,,,,,,,,,,,,,,,,,,,,,,,,,,,
Captain America: Civil War,271110-captain-america-civil-war,movie,https://t.me/FilmHouseFilebot?start=BQADAQADYR8AArFaKUZe-z_QDrVihBYE,,,,,,,,,,,,,,,,,,,,,,,,,,,,,,,,,,,,,,,
Captain America: The First Avenger,1771-captain-america-the-first-avenger,movie,[object Object],,,,,,,,,,,,,,,,,,,,,,,,,,,,,,,,,,,,,,,
Captain America: The Winter Soldier,100402-captain-america-the-winter-soldier,movie,https://t.me/filmHouseFile1bot?start=BQADAQADZRMAAmjCeUaFmpzn3ydNxhYE,,,,,,,,,,,,,,,,,,,,,,,,,,,,,,,,,,,,,,,
Captain Marvel,299537-captain-marvel,movie,https://t.me/FilmHouseFilebot?start=BQADAQADHRwAArFaKUZCtLBMRZolbBYE,,,,,,,,,,,,,,,,,,,,,,,,,,,,,,,,,,,,,,,
Carolina Caroline,1329471-carolina-caroline,movie,https://t.me/filmHouseFile1bot?start=BQADAQADrw8AAghnOUbAq34iTBseyBYE,,,,,,,,,,,,,,,,,,,,,,,,,,,,,,,,,,,,,,,
Carrossel,46150-carrossel,tv,https://t.me/carrosselseries,,,,,,,,,,,,,,,,,,,,,,,,,,,,,,,,,,,,,,,
Casanova,9681-casanova,movie,https://t.me/filmHouseFile1bot?start=BQADAQADXhEAAq-EQEbX-YyNvj2xXxYE,,,,,,,,,,,,,,,,,,,,,,,,,,,,,,,,,,,,,,,
Cast Away,8358-cast-away,movie,https://t.me/filmHouseFile1bot?start=BQADAQADSRIAAmjCeUaHHdPn2KHELBYE,,,,,,,,,,,,,,,,,,,,,,,,,,,,,,,,,,,,,,,
Castlevania,71024-castlevania,tv,https://t.me/filmHouseFile1bot?start=BQADAQADXg8AAh-4UEbRZEZlJLR_-xYE,https://t.me/filmHouseFile1bot?start=BQADAQADZg8AAh-4UEYoV1m0xd5sYxYE,https://t.me/filmHouseFile1bot?start=BQADAQADbA8AAh-4UEZeccK8viLXFRYE,https://t.me/filmHouseFile1bot?start=BQADAQADcg8AAh-4UEbeJtAsn9Pa6hYE,,,,,,,,,,,,,,,,,,,,,,,,,,,,,,,,,,,,
Castlevania: Nocturne,123548-castlevania-nocturne,tv,https://t.me/filmHouseFile1bot?start=BQADAQADPw8AAh-4UEbWFFZkiDeyTBYE,,,,,,,,,,,,,,,,,,,,,,,,,,,,,,,,,,,,,,,
Catch Me If You Can,640-catch-me-if-you-can,movie,https://t.me/filmHouseFile1bot?start=BQADAQADHB8AAh-4UEaizcFDwGKHixYE,,,,,,,,,,,,,,,,,,,,,,,,,,,,,,,,,,,,,,,
Central Intelligence,302699-central-intelligence,movie,https://t.me/filmHouseFile1bot?start=BQADAQADChUAAp6faUYQLFPuLLJzDRYE,,,,,,,,,,,,,,,,,,,,,,,,,,,,,,,,,,,,,,,
Challengers,937287-challengers,movie,https://t.me/filmHouseFile1bot?start=BQADAQADtR4AAh-4UEbyEQZ_DPUDZBYE,,,,,,,,,,,,,,,,,,,,,,,,,,,,,,,,,,,,,,,
Charade,1722061-charade,movie,https://t.me/FilmHouseFilebot?start=BQADAQADKxEAAh50AAFGHpeew52CCeQWBA,,,,,,,,,,,,,,,,,,,,,,,,,,,,,,,,,,,,,,,
Chassing Lullaby,1723743-chassing-lullaby,movie,https://t.me/FilmHouseFilebot?start=BQADAQADMhYAArFaKUbwTbCBtQobMBYE,,,,,,,,,,,,,,,,,,,,,,,,,,,,,,,,,,,,,,,
Checkered Ninja,523536-checkered-ninja,movie,https://t.me/filmHouseFile1bot?start=BQADAQADwx8AAh-4UEb0R9nhgoah2RYE,,,,,,,,,,,,,,,,,,,,,,,,,,,,,,,,,,,,,,,
Checkered Ninja 2,778819-checkered-ninja-2,movie,https://t.me/filmHouseFile1bot?start=BQADAQADHR8AAh-4UEboIAdwgjYerBYE,,,,,,,,,,,,,,,,,,,,,,,,,,,,,,,,,,,,,,,
Chicken Run,7443-chicken-run,movie,https://t.me/filmHouseFile1bot?start=BQADAQADMgkAAh-4SEbfJoGCQUxSzxYE,,,,,,,,,,,,,,,,,,,,,,,,,,,,,,,,,,,,,,,
Chicken Run: Dawn of the Nugget,520758-chicken-run-dawn-of-the-nugget,movie,https://t.me/filmHouseFile1bot?start=BQADAQADMwkAAh-4SEYU8eElyL_xjRYE,,,,,,,,,,,,,,,,,,,,,,,,,,,,,,,,,,,,,,,
Child's Play,10585-child-s-play,movie,https://t.me/FilmHouseFilebot?start=BQADAQADqQUAAkmBwERZMtQgg68ZVRYE,,,,,,,,,,,,,,,,,,,,,,,,,,,,,,,,,,,,,,,
Child's Play,533642-child-s-play,movie,https://t.me/FilmHouseFilebot?start=BQADAQADsgUAAkmBwESa2JTpUQg71BYE,,,,,,,,,,,,,,,,,,,,,,,,,,,,,,,,,,,,,,,
Child's Play 2,11186-child-s-play-2,movie,https://t.me/FilmHouseFilebot?start=BQADAQADrAUAAkmBwERj0rtNCMmeKhYE,,,,,,,,,,,,,,,,,,,,,,,,,,,,,,,,,,,,,,,
Child's Play 3,11187-child-s-play-3,movie,https://t.me/FilmHouseFilebot?start=BQADAQADrgUAAkmBwETDo_SlSdfPWxYE,,,,,,,,,,,,,,,,,,,,,,,,,,,,,,,,,,,,,,,
Chillin' in My 30s After Getting Fired From the Demon King's Army,206324-30,tv,https://t.me/FilmHouseFilebot?start=BQADAQADdhMAAghnMUbtRYJmmLu6VRYE,,,,,,,,,,,,,,,,,,,,,,,,,,,,,,,,,,,,,,,
Christmas in Miami,1065039-christmas-in-miami,movie,https://t.me/FilmHouseFilebot?start=BQADAQADfxMAAghnMUZKXQkmwrCraRYE,,,,,,,,,,,,,,,,,,,,,,,,,,,,,,,,,,,,,,,
Christmas Is Coming,1724808-christmas-is-coming,movie,https://t.me/FilmHouseFilebot?start=BQADAQADjRIAAghnMUZ3aTi81OgLDBYE,,,,,,,,,,,,,,,,,,,,,,,,,,,,,,,,,,,,,,,
Chucky,90462-chucky,tv,https://t.me/FilmHouseFilebot?start=BQADAQADvQUAAkmBwERtVHSh7OJIGxYE,https://t.me/FilmHouseFilebot?start=BQADAQADvwUAAkmBwESz2wN9wpRISxYE,https://t.me/+buByzJSLOUA0NWI0,,,,,,,,,,,,,,,,,,,,,,,,,,,,,,,,,,,,,
Classroom of the Elite,72517,tv,https://t.me/FilmHouseFilebot?start=BQADAQADqBMAAghnMUbXp5EHiRzf-RYE,https://t.me/FilmHouseFilebot?start=BQADAQADsxMAAghnMUZZlgRhW231YhYE,https://t.me/FilmHouseFilebot?start=BQADAQADgRQAAghnMUY83kRDyArLQhYE,,,,,,,,,,,,,,,,,,,,,,,,,,,,,,,,,,,,,
Claymore,34791-claymore,tv,https://t.me/FilmHouseFilebot?start=BQADAQADQhoAArFaKUaNWVw0Un75wRYE,,,,,,,,,,,,,,,,,,,,,,,,,,,,,,,,,,,,,,,
Clean Freak! Aoyama-kun,72507-clean-freak-aoyama-kun,tv,https://t.me/filmHouseFile1bot?start=BQADAQADrQ8AAh-4UEbbkAE5YR8B3xYE,,,,,,,,,,,,,,,,,,,,,,,,,,,,,,,,,,,,,,,
Click,9339-click,movie,https://t.me/filmHouseFile1bot?start=BQADAQADawkAAh-4SEaJjsZ4YDCFBxYE,,,,,,,,,,,,,,,,,,,,,,,,,,,,,,,,,,,,,,,
Cloudy with a Chance of Meatballs 2,109451-cloudy-with-a-chance-of-meatballs-2,movie,https://t.me/filmHouseFile1bot?start=BQADAQADiiAAAh-4UEa9o47fb7CZQhYE,,,,,,,,,,,,,,,,,,,,,,,,,,,,,,,,,,,,,,,
Code Geass: Lelouch of the Rebellion,31724-code-geass,tv,https://t.me/FilmHouseFilebot?start=BQADAQADZRoAArFaKUZ2sPsVV5w5iRYE,https://t.me/FilmHouseFilebot?start=BQADAQADjBoAArFaKUZumBnNtHW5HxYE,,,,,,,,,,,,,,,,,,,,,,,,,,,,,,,,,,,,,,
Cold Storage,696393-cold-storage,movie,https://t.me/filmHouseFile1bot?start=BQADAQADaxcAAq-EQEbzW0L6jWpyHxYE,,,,,,,,,,,,,,,,,,,,,,,,,,,,,,,,,,,,,,,
Colombiana,62835-colombiana,movie,https://t.me/filmHouseFile1bot?start=BQADAQADNAkAAh-4SEZGH33XbgtwthYE,,,,,,,,,,,,,,,,,,,,,,,,,,,,,,,,,,,,,,,
Coming 2 America,484718-coming-2-america,movie,https://t.me/filmHouseFile1bot?start=BQADAQAD9iAAAh-4UEY2rac8NCg1-xYE,,,,,,,,,,,,,,,,,,,,,,,,,,,,,,,,,,,,,,,
Coming to America,9602-coming-to-america,movie,https://t.me/filmHouseFile1bot?start=BQADAQAD8CAAAh-4UEZb4d9_rAUG_RYE,,,,,,,,,,,,,,,,,,,,,,,,,,,,,,,,,,,,,,,
Competition,366142-competition,movie,https://t.me/filmHouseFile1bot?start=BQADAQADRQcAAh-4WEaanLaY1m2I5RYE,,,,,,,,,,,,,,,,,,,,,,,,,,,,,,,,,,,,,,,
Conclave,974576-conclave,movie,https://t.me/filmHouseFile1bot?start=BQADAQAD5hEAAmjCeUYmOxqhchmerRYE,,,,,,,,,,,,,,,,,,,,,,,,,,,,,,,,,,,,,,,
Conjuring the Devil,743032-conjuring-the-devil,movie,https://t.me/filmHouseFile1bot?start=BQADAQADkyAAAh-4UEYx4sYTSrvO4xYE,,,,,,,,,,,,,,,,,,,,,,,,,,,,,,,,,,,,,,,
Conjuring: The Beyond,1022103-conjuring-the-beyond,movie,https://t.me/filmHouseFile1bot?start=BQADAQADkiAAAh-4UEbri51AJociBRYE,,,,,,,,,,,,,,,,,,,,,,,,,,,,,,,,,,,,,,,
Coraline,14836-coraline,movie,https://t.me/filmHouseFile1bot?start=BQADAQADeB8AAh-4UEb1-IT2eJUMfBYE,,,,,,,,,,,,,,,,,,,,,,,,,,,,,,,,,,,,,,,
"Crazy, Stupid, Love.",50646-crazy-stupid-love,movie,https://t.me/filmHouseFile1bot?start=BQADAQAD_SAAAh-4UEZLKKU0pQWPjBYE,,,,,,,,,,,,,,,,,,,,,,,,,,,,,,,,,,,,,,,
Creed,312221-creed,movie,https://t.me/FilmHouseFilebot?start=BQADAQADXxgAAkKtqEV61YyYtxvb5BYE,,,,,,,,,,,,,,,,,,,,,,,,,,,,,,,,,,,,,,,
Creed II,480530-creed-ii,movie,https://t.me/FilmHouseFilebot?start=BQADAQADYRgAAkKtqEX2SnU2fm1E7xYE,,,,,,,,,,,,,,,,,,,,,,,,,,,,,,,,,,,,,,,
Creed III,677179-creed-iii,movie,https://t.me/FilmHouseFilebot?start=BQADAQADYxgAAkKtqEXT48Jh_pCVvBYE,,,,,,,,,,,,,,,,,,,,,,,,,,,,,,,,,,,,,,,
Cristiano Ronaldo: Impossible to Ignore,835605-cristiano-ronaldo-impossible-to-ignore,movie,https://t.me/filmHouseFile1bot?start=BQADAQADNQ4AAmjCeUbuG1ZUJDAC0xYE,,,,,,,,,,,,,,,,,,,,,,,,,,,,,,,,,,,,,,,
Cristiano Ronaldo: World at His Feet,334616-cristiano-ronaldo-world-at-his-feet,movie,https://t.me/filmHouseFile1bot?start=BQADAQADNg4AAmjCeUaSERXB7c-TjhYE,,,,,,,,,,,,,,,,,,,,,,,,,,,,,,,,,,,,,,,
Cro Minion,366141-cro-minion,movie,https://t.me/filmHouseFile1bot?start=BQADAQADRgcAAh-4WEZpkWGWFaFaOxYE,,,,,,,,,,,,,,,,,,,,,,,,,,,,,,,,,,,,,,,
Cult of Chucky,393345-cult-of-chucky,movie,https://t.me/FilmHouseFilebot?start=BQADAQADsQUAAkmBwEShB4wKt8B5TBYE,,,,,,,,,,,,,,,,,,,,,,,,,,,,,,,,,,,,,,,
Curiosa,487616-curiosa,movie,https://t.me/filmHouseFile1bot?start=BQADAQADhxAAAq-EQEbTvkmSibl1ERYE,,,,,,,,,,,,,,,,,,,,,,,,,,,,,,,,,,,,,,,
Curse of Chucky,167032-curse-of-chucky,movie,https://t.me/FilmHouseFilebot?start=BQADAQADsAUAAkmBwESUc5TgelYMLhYE,,,,,,,,,,,,,,,,,,,,,,,,,,,,,,,,,,,,,,,
Cyberpunk: Edgerunners,105248-cyberpunk-edgerunners,tv,https://t.me/filmHouseFile1bot?start=BQADAQADOw8AAh-4UEbPjAsMuhnN9BYE,,,,,,,,,,,,,,,,,,,,,,,,,,,,,,,,,,,,,,,
Dan Da Dan,240411,tv,https://t.me/FilmHouseFilebot?start=BQADAQADUBcAArFaKUZlqiVrjoKr7BYE,https://t.me/FilmHouseFilebot?start=BQADAQADfhcAArFaKUblHCBd9-3zBhYE,,,,,,,,,,,,,,,,,,,,,,,,,,,,,,,,,,,,,,
Daredevil,9480-daredevil,movie,https://t.me/FilmHouseFilebot?start=BQADAQAD7AoAAkADgEU902B3YHgMpBYE,,,,,,,,,,,,,,,,,,,,,,,,,,,,,,,,,,,,,,,
Daredevil: Born Again,202555-daredevil-born-again,tv,https://t.me/FilmHouseFilebot?start=BQADAQAD1REAArFaIUbA46HUyapdbxYE,https://t.me/FilmHouseFilebot?start=BQADAQAD2BEAArFaIUb4JaimqKeYqBYE,,,,,,,,,,,,,,,,,,,,,,,,,,,,,,,,,,,,,,
Dark Phoenix,320288-dark-phoenix,movie,https://t.me/FilmHouseFilebot?start=BQADAQAD-hsAArFaKUZcwPoEzKTF3hYE,,,,,,,,,,,,,,,,,,,,,,,,,,,,,,,,,,,,,,,
Day Shift,755566-day-shift,movie,https://t.me/filmHouseFile1bot?start=BQADAQADIh8AAh-4UEbsb1AjYdZUNxYE,,,,,,,,,,,,,,,,,,,,,,,,,,,,,,,,,,,,,,,
Dead Boy Detectives,132750-dead-boy-detectives,tv,https://t.me/FilmHouseFilebot?start=BQADAQADjhcAAkKtqEVGsxsWjB5H0RYE,,,,,,,,,,,,,,,,,,,,,,,,,,,,,,,,,,,,,,,
Deadpool,293660-deadpool,movie,https://t.me/FilmHouseFilebot?start=BQADAQADaR8AArFaKUbFAbEXYeGRZBYE,,,,,,,,,,,,,,,,,,,,,,,,,,,,,,,,,,,,,,,
Deadpool & Wolverine,533535-deadpool-wolverine,movie,https://t.me/FilmHouseFilebot?start=BQADAQADMRIAArFaIUZblkC0u9Mz2BYE,https://t.me/FilmHouseFilebot?start=BQADAQADMxIAArFaIUYtLiDTGEja3BYE,,,,,,,,,,,,,,,,,,,,,,,,,,,,,,,,,,,,,,
Deadpool 2,383498-deadpool-2,movie,https://t.me/FilmHouseFilebot?start=BQADAQADzxwAArFaKUZE99EzarX5DhYE,,,,,,,,,,,,,,,,,,,,,,,,,,,,,,,,,,,,,,,
Dear Fear,1409658-dear-fear,movie,https://t.me/filmHouseFile1bot?start=BQADAQADFR4AAq-ESEZHXDoGSkJTHhYE,,,,,,,,,,,,,,,,,,,,,,,,,,,,,,,,,,,,,,,
Dear White People,114750-dear-white-people,movie,https://t.me/filmHouseFile1bot?start=BQADAQADjAkAAmjCcUaHuAtYeY6B8xYE,,,,,,,,,,,,,,,,,,,,,,,,,,,,,,,,,,,,,,,
Death Note,13916-death-note,tv,https://t.me/filmHouseFile1bot?start=BQADAQADURAAAq-ESEaoZMDME5U8AxYE,,,,,,,,,,,,,,,,,,,,,,,,,,,,,,,,,,,,,,,
Death Note Relight 1: Visions of a God,51482-death-note,movie,https://t.me/filmHouseFile1bot?start=BQADAQADlxAAAq-ESEZXx81EBx7bGBYE,,,,,,,,,,,,,,,,,,,,,,,,,,,,,,,,,,,,,,,
Death Note Relight 2: L's Successors,68555-2-l,movie,https://t.me/filmHouseFile1bot?start=BQADAQADnBAAAq-ESEYXDwl1i6b0ERYE,,,,,,,,,,,,,,,,,,,,,,,,,,,,,,,,,,,,,,,
Death Parade,61901-death-parade,tv,https://t.me/filmHouseFile1bot?start=BQADAQADRhIAAq-ESEb4nsmeSbMgvBYE,,,,,,,,,,,,,,,,,,,,,,,,,,,,,,,,,,,,,,,
Death Proof,1991-death-proof,movie,https://t.me/filmHouseFile1bot?start=BQADAQADBSEAAh-4UEbzeAklaenEoxYE,,,,,,,,,,,,,,,,,,,,,,,,,,,,,,,,,,,,,,,
Demon Slayer -Kimetsu no Yaiba- The Movie: Mugen Train,635302,movie,https://t.me/filmHouseFile1bot?start=BQADAQADqgkAAq-EQEbcrSdIPGD3ShYE,,,,,,,,,,,,,,,,,,,,,,,,,,,,,,,,,,,,,,,
Demon Slayer: Kimetsu no Yaiba,85937,tv,https://t.me/filmHouseFile1bot?start=BQADAQADuwkAAq-EQEZ_AAHKkzGnyrIWBA,https://t.me/filmHouseFile1bot?start=BQADAQADzAkAAq-EQEaYWuZjAAGn7-cWBA,https://t.me/filmHouseFile1bot?start=BQADAQAD1gkAAq-EQEZqIBrt6PpRRBYE,https://t.me/FilmHouseFilebot?start=BQADAQADCgoAAq-EQEZX-0qBXthbBBYE,,,,,,,,,,,,,,,,,,,,,,,,,,,,,,,,,,,,
Despicable Me,20352-despicable-me,movie,https://t.me/filmHouseFile1bot?start=BQADAQADTQcAAh-4WEb2rT_XpWCHshYE,,,,,,,,,,,,,,,,,,,,,,,,,,,,,,,,,,,,,,,
Despicable Me 2,93456-despicable-me-2,movie,https://t.me/filmHouseFile1bot?start=BQADAQADSwcAAh-4WEaTaNpibPNvTRYE,,,,,,,,,,,,,,,,,,,,,,,,,,,,,,,,,,,,,,,
Despicable Me 3,324852-despicable-me-3,movie,https://t.me/filmHouseFile1bot?start=BQADAQADTAcAAh-4WEakI-1LHmtu_hYE,,,,,,,,,,,,,,,,,,,,,,,,,,,,,,,,,,,,,,,
Devils' Line,78462,tv,https://t.me/filmHouseFile1bot?start=BQADAQADDBAAAq-ESEbbcUdEkFvrtxYE,,,,,,,,,,,,,,,,,,,,,,,,,,,,,,,,,,,,,,,
Diary of a Mad Black Woman,16186-diary-of-a-mad-black-woman,movie,https://t.me/filmHouseFile1bot?start=BQADAQADxh4AAh-4UEYev89xlDfT9xYE,,,,,,,,,,,,,,,,,,,,,,,,,,,,,,,,,,,,,,,
Diary of a Wimpy Kid,774741-diary-of-a-wimpy-kid,movie,https://t.me/filmHouseFile1bot?start=BQADAQADNwkAAh-4SEbi4fLK6u8zohYE,,,,,,,,,,,,,,,,,,,,,,,,,,,,,,,,,,,,,,,
Diary of a Wimpy Kid Christmas: Cabin Fever,1123093-diary-of-a-wimpy-kid-christmas-cabin-fever,movie,https://t.me/filmHouseFile1bot?start=BQADAQADPQkAAh-4SEaTZ2N7-SYIxRYE,,,,,,,,,,,,,,,,,,,,,,,,,,,,,,,,,,,,,,,
Diary of a Wimpy Kid: Rodrick Rules,897192-diary-of-a-wimpy-kid-rodrick-rules,movie,https://t.me/filmHouseFile1bot?start=BQADAQADOwkAAh-4SEYjc6acxToRfhYE,,,,,,,,,,,,,,,,,,,,,,,,,,,,,,,,,,,,,,,
Diary of a Wimpy Kid: The Last Straw,1392796-diary-of-a-wimpy-kid-the-last-straw,movie,https://t.me/filmHouseFile1bot?start=BQADAQADlQkAAh-4SEab9yWlGFjKGBYE,,,,,,,,,,,,,,,,,,,,,,,,,,,,,,,,,,,,,,,
Dick Figures: The Movie,222671-dick-figures-the-movie,movie,https://t.me/filmHouseFile1bot?start=BQADAQADFx4AAq-ESEbpRehoHBPToRYE,,,,,,,,,,,,,,,,,,,,,,,,,,,,,,,,,,,,,,,
Disconnect,751182-disconnect,movie,https://t.me/FilmHouseFilebot?start=BQADAQADtg4AAh50AAFG_tNVyF_8d5AWBA,,,,,,,,,,,,,,,,,,,,,,,,,,,,,,,,,,,,,,,
Disconnect: The Wedding Planner,1063242-disconnect-the-wedding-planner,movie,https://t.me/FilmHouseFilebot?start=BQADAQADuA4AAh50AAFGEmT3-zCNJH8WBA,,,,,,,,,,,,,,,,,,,,,,,,,,,,,,,,,,,,,,,
Disenchantment,73021-disenchantment,tv,https://t.me/FilmHouseFilebot?start=BQADAQADCgcAAoDV8EdG8J9GFz-VrRYE,https://t.me/FilmHouseFilebot?start=BQADAQADDwcAAoDV8EdVjyo6a9inixYE,https://t.me/FilmHouseFilebot?start=BQADAQADEQcAAoDV8Ef64EaZ329ZnhYE,https://t.me/FilmHouseFilebot?start=BQADAQADFAcAAoDV8EdQ-QqWLb7cHxYE,https://t.me/FilmHouseFilebot?start=BQADAQADGwcAAoDV8EekOSzzSKVJFBYE,,,,,,,,,,,,,,,,,,,,,,,,,,,,,,,,,,,
Doctor Bull,72608-doctor-bull,movie,https://t.me/filmHouseFile1bot?start=BQADAQADKh8AAh-4UEZMj6AZyJTqYBYE,,,,,,,,,,,,,,,,,,,,,,,,,,,,,,,,,,,,,,,
Doctor Strange,284052-doctor-strange,movie,https://t.me/FilmHouseFilebot?start=BQADAQADCh8AArFaKUaOpK6Uu4AAASwWBA,https://t.me/FilmHouseFilebot?start=BQADAQADDB8AArFaKUbH2YVqdyk1lRYE,,,,,,,,,,,,,,,,,,,,,,,,,,,,,,,,,,,,,,
Doctor Strange in the Multiverse of Madness,453395-doctor-strange-in-the-multiverse-of-madness,movie,https://t.me/FilmHouseFilebot?start=BQADAQADfRYAArFaIUbjTGbHrsxa0RYE,https://t.me/FilmHouseFilebot?start=BQADAQADgBYAArFaIUZPjHV7M5a7vBYE,,,,,,,,,,,,,,,,,,,,,,,,,,,,,,,,,,,,,,
DodgeBall: A True Underdog Story,9472-dodgeball-a-true-underdog-story,movie,https://t.me/filmHouseFile1bot?start=BQADAQADeQ8AAmjCeUZ8nuNtz2dA3hYE,,,,,,,,,,,,,,,,,,,,,,,,,,,,,,,,,,,,,,,
Dororo,83100,tv,https://t.me/filmHouseFile1bot?start=BQADAQAD-g8AAq-ESEbxKhIxR2JEIBYE,,,,,,,,,,,,,,,,,,,,,,,,,,,,,,,,,,,,,,,
DOTA: Dragon's Blood,118956-dota-dragon-s-blood,tv,https://t.me/FilmHouseFilebot?start=BQADAQADJRgAArFaKUbFpHFY5AF6jRYE,https://t.me/FilmHouseFilebot?start=BQADAQADvxgAArFaKUZ2G2BwemIP2RYE,https://t.me/FilmHouseFilebot?start=BQADAQADyRgAArFaKUbLz2VCDU_X5RYE,,,,,,,,,,,,,,,,,,,,,,,,,,,,,,,,,,,,,
Drake & Josh,2038-drake-josh,tv,https://t.me/+cJUgTGPMeXoyM2Nk,,,,,,,,,,,,,,,,,,,,,,,,,,,,,,,,,,,,,,,
Drumline,13497-drumline,movie,https://t.me/filmHouseFile1bot?start=BQADAQADfB8AAh-4UEafKC3AAuyySRYE,,,,,,,,,,,,,,,,,,,,,,,,,,,,,,,,,,,,,,,
Due Date,41733-due-date,movie,https://t.me/filmHouseFile1bot?start=BQADAQADfA8AAmjCeUZiTJkG9vOedxYE,,,,,,,,,,,,,,,,,,,,,,,,,,,,,,,,,,,,,,,
Dug Days,114501-dug-days,tv,https://t.me/filmHouseFile1bot?start=BQADAQAD8RQAAp6faUaPMnFPq968jhYE,,,,,,,,,,,,,,,,,,,,,,,,,,,,,,,,,,,,,,,
Dune,438631-dune,movie,https://t.me/filmHouseFile1bot?start=BQADAQADEAcAAh-4WEYVqnXntFH7NhYE,,,,,,,,,,,,,,,,,,,,,,,,,,,,,,,,,,,,,,,
Dune,841-dune,movie,https://t.me/filmHouseFile1bot?start=BQADAQADDwcAAh-4WEby7xZQY5BvUBYE,,,,,,,,,,,,,,,,,,,,,,,,,,,,,,,,,,,,,,,
Echo,122226-echo,tv,https://t.me/FilmHouseFilebot?start=BQADAQADeRMAArFaIUZPemqeliV0bRYE,,,,,,,,,,,,,,,,,,,,,,,,,,,,,,,,,,,,,,,
Ecstasy,1722066-ecstasy,movie,https://t.me/FilmHouseFilebot?start=BQADAQADmhEAAh50AAFGn0wgLM2W2XUWBA,,,,,,,,,,,,,,,,,,,,,,,,,,,,,,,,,,,,,,,
Ella Enchanted,14442-ella-enchanted,movie,https://t.me/filmHouseFile1bot?start=BQADAQADOR8AAh-4UEZkN5KLGL37TxYE,,,,,,,,,,,,,,,,,,,,,,,,,,,,,,,,,,,,,,,
Empire,61733-empire,tv,https://t.me/FilmHouseFilebot?start=BQADAQAD5wQAAux2OUR1SfkF8SdOvRYE,https://t.me/FilmHouseFilebot?start=BQADAQAD6gQAAux2OUSiBpMdrSvGfBYE,https://t.me/FilmHouseFilebot?start=BQADAQAD7gQAAux2OUT86LXtasl-YxYE,https://t.me/FilmHouseFilebot?start=BQADAQADDAUAAux2OUT5WiupmlpRXhYE,https://t.me/FilmHouseFilebot?start=BQADAQADDgUAAux2OUTaxsQ2sVjDKxYE,https://t.me/FilmHouseFilebot?start=BQADAQADDwUAAux2OUQEvLYubsQolhYE,,,,,,,,,,,,,,,,,,,,,,,,,,,,,,,,,,
Enola Holmes (2020),497582-enola-holmes,movie,https://t.me/filmHouseFile1bot?start=BQADAQAD7A4AAq-EQEYE8wy7hjaKMBYE,,,,,,,,,,,,,,,,,,,,,,,,,,,,,,,,,,,,,,,
Enola Holmes 2 (2022),829280-enola-holmes-2,movie,https://t.me/filmHouseFile1bot?start=BQADAQAD6w4AAq-EQEa7WFP5G-NXgBYE,,,,,,,,,,,,,,,,,,,,,,,,,,,,,,,,,,,,,,,
Enola Holmes 3 (2026),1202033-enola-holmes-3,movie,https://t.me/filmHouseFile1bot?start=BQADAQAD5w4AAq-EQEYov5o5XPNARxYE,,,,,,,,,,,,,,,,,,,,,,,,,,,,,,,,,,,,,,,
Entwined,1725311-entwined,movie,https://t.me/filmHouseFile1bot?start=BQADAQADrwkAAq-EQEZP-kefUc3JHRYE,,,,,,,,,,,,,,,,,,,,,,,,,,,,,,,,,,,,,,,
Escape Room,522681-escape-room,movie,https://t.me/filmHouseFile1bot?start=BQADAQADPR8AAh-4UEaNTw4-nYgwdhYE,,,,,,,,,,,,,,,,,,,,,,,,,,,,,,,,,,,,,,,
Eternals,524434-eternals,movie,https://t.me/FilmHouseFilebot?start=BQADAQADAhsAArFaKUYLizBeeGxOnBYE,,,,,,,,,,,,,,,,,,,,,,,,,,,,,,,,,,,,,,,
Euphoria,85552-euphoria,tv,https://t.me/FilmHouseFilebot?start=BQADAQAD6gQAAkADiEUFc7DUzvXnAAEWBA,https://t.me/FilmHouseFilebot?start=BQADAQAD7gQAAkADiEVOwJJngnuZHRYE,,,,,,,,,,,,,,,,,,,,,,,,,,,,,,,,,,,,,,
EuroTrip,9352-eurotrip,movie,https://t.me/filmHouseFile1bot?start=BQADAQADtx4AAh-4UEZVmbLU_S1HARYE,,,,,,,,,,,,,,,,,,,,,,,,,,,,,,,,,,,,,,,
Eva,893694-eva,movie,https://t.me/filmHouseFile1bot?start=BQADAQADUBEAAq-EQEYibQYp96mUhBYE,,,,,,,,,,,,,,,,,,,,,,,,,,,,,,,,,,,,,,,
Every Witch Way,60998-every-witch-way,tv,https://t.me/+cJUgTGPMeXoyM2Nk,,,,,,,,,,,,,,,,,,,,,,,,,,,,,,,,,,,,,,,
Everything Sucks!,76438-everything-sucks,tv,https://t.me/FilmHouseFilebot?start=BQADAQADRgYAAux2OUSZrs7ZOZcOrhYE,,,,,,,,,,,,,,,,,,,,,,,,,,,,,,,,,,,,,,,
Evil Dead Rise,713704-evil-dead-rise,movie,[object Object],,,,,,,,,,,,,,,,,,,,,,,,,,,,,,,,,,,,,,,
Ex Machina,264660-ex-machina,movie,https://t.me/filmHouseFile1bot?start=BQADAQADlCAAAh-4UEanX1Ld3a1qAxYE,,,,,,,,,,,,,,,,,,,,,,,,,,,,,,,,,,,,,,,
Exit 8 (2025),1408208,movie,https://t.me/filmHouseFile1bot?start=BQADAQAD9Q4AAq-EQEYt2G7hImpPWxYE,,,,,,,,,,,,,,,,,,,,,,,,,,,,,,,,,,,,,,,
F9,385128-f9,movie,https://t.me/filmHouseFile1bot?start=BQADAQADDwkAAh-4SEb6WyeYoaUJUBYE,,,,,,,,,,,,,,,,,,,,,,,,,,,,,,,,,,,,,,,
Fallout,106379-fallout,tv,https://t.me/FilmHouseFilebot?start=BQADAQADWAQAApi0qEXDThlb8jLh2RYE,,,,,,,,,,,,,,,,,,,,,,,,,,,,,,,,,,,,,,,
Fantastic Four,166424-fantastic-four,movie,https://t.me/filmHouseFile1bot?start=BQADAQADNhMAAmjCeUahRb1UZB03URYE,,,,,,,,,,,,,,,,,,,,,,,,,,,,,,,,,,,,,,,
Fantastic Four: Rise of the Silver Surfer,1979-fantastic-four-rise-of-the-silver-surfer,movie,[object Object],,,,,,,,,,,,,,,,,,,,,,,,,,,,,,,,,,,,,,,
Fast & Furious,13804-fast-furious,movie,https://t.me/filmHouseFile1bot?start=BQADAQADEwkAAh-4SEZQjs8JbX4lxRYE,,,,,,,,,,,,,,,,,,,,,,,,,,,,,,,,,,,,,,,
Fast & Furious 6,82992-fast-furious-6,movie,https://t.me/filmHouseFile1bot?start=BQADAQADFwkAAh-4SEYso0L9SgH5jBYE,,,,,,,,,,,,,,,,,,,,,,,,,,,,,,,,,,,,,,,
Fast & Furious Presents: Hobbs & Shaw,384018-fast-furious-presents-hobbs-shaw,movie,https://t.me/filmHouseFile1bot?start=BQADAQADJQkAAh-4SEaEBD1UGc-k8BYE,,,,,,,,,,,,,,,,,,,,,,,,,,,,,,,,,,,,,,,
Fast Five,51497-fast-five,movie,https://t.me/filmHouseFile1bot?start=BQADAQADEAkAAh-4SEblcCOc6jdZyhYE,,,,,,,,,,,,,,,,,,,,,,,,,,,,,,,,,,,,,,,
Fast X,385687-fast-x,movie,https://t.me/filmHouseFile1bot?start=BQADAQADEQkAAh-4SEbncqT60XI3JBYE,,,,,,,,,,,,,,,,,,,,,,,,,,,,,,,,,,,,,,,
Fatal Seduction,227975-fatal-seduction,tv,https://t.me/FilmHouseFilebot?start=BQADAQAD8QsAAgiQKETeucjWw3FwfxYE,,,,,,,,,,,,,,,,,,,,,,,,,,,,,,,,,,,,,,,
Fear Women,1725302-fear-women,movie,https://t.me/filmHouseFile1bot?start=BQADAQADeAkAAq-EQEaw2lj3DKrlohYE,,,,,,,,,,,,,,,,,,,,,,,,,,,,,,,,,,,,,,,
Ferrari,365620-ferrari,movie,https://t.me/filmHouseFile1bot?start=BQADAQADFAcAAh-4WEbAAAEJCfl79GkWBA,,,,,,,,,,,,,,,,,,,,,,,,,,,,,,,,,,,,,,,
Fifty Shades Darker,341174-fifty-shades-darker,movie,https://t.me/FilmHouseFilebot?start=BQADAQADWw4AAoywoEYOlFzIwvvS4hYE,,,,,,,,,,,,,,,,,,,,,,,,,,,,,,,,,,,,,,,
Fifty Shades Freed,337167-fifty-shades-freed,movie,https://t.me/FilmHouseFilebot?start=BQADAQADXA4AAoywoEYmuqFuaVnp1xYE,,,,,,,,,,,,,,,,,,,,,,,,,,,,,,,,,,,,,,,
Fifty Shades of Grey,216015-fifty-shades-of-grey,movie,https://t.me/FilmHouseFilebot?start=BQADAQADWQ4AAoywoEajoU0_XxGNdRYE,,,,,,,,,,,,,,,,,,,,,,,,,,,,,,,,,,,,,,,
Final Destination Bloodlines,574475-final-destination-bloodlines,movie,https://t.me/filmHouseFile1bot?start=BQADAQADRh4AAh-4UEaO1MXklmWEZxYE,https://t.me/filmHouseFile1bot?start=BQADAQADRx4AAh-4UEZo3qbnJrGIDxYE,,,,,,,,,,,,,,,,,,,,,,,,,,,,,,,,,,,,,,
Fire Force,88046,tv,https://t.me/FilmHouseFilebot?start=BQADAQADXxwAArFaKUYYYlEa1OcZUxYE,https://t.me/FilmHouseFilebot?start=BQADAQADZhwAArFaKUaujFWUofzW4RYE,,,,,,,,,,,,,,,,,,,,,,,,,,,,,,,,,,,,,,
Fixed,537921-fixed,movie,https://t.me/filmHouseFile1bot?start=BQADAQADHgkAAh-4SEZWwjzXqruKehYE,,,,,,,,,,,,,,,,,,,,,,,,,,,,,,,,,,,,,,,
Forbidden Lust,434967-forbidden-lust,movie,https://t.me/filmHouseFile1bot?start=BQADAQADkhAAAq-EQEaPzWgkn_9R2xYE,,,,,,,,,,,,,,,,,,,,,,,,,,,,,,,,,,,,,,,
Foursome,1205025-foursome,movie,https://t.me/filmHouseFile1bot?start=BQADAQADVBEAAq-EQEaoi-UjRC-AeBYE,,,,,,,,,,,,,,,,,,,,,,,,,,,,,,,,,,,,,,,
Freakier Friday,1125257-freakier-friday,movie,https://t.me/filmHouseFile1bot?start=BQADAQADqB0AAq-ESEYNxzjCsWp32xYE,,,,,,,,,,,,,,,,,,,,,,,,,,,,,,,,,,,,,,,
Freaky Friday,505904-freaky-friday,movie,https://t.me/filmHouseFile1bot?start=BQADAQADlx0AAq-ESEY7S0ucutei0BYE,,,,,,,,,,,,,,,,,,,,,,,,,,,,,,,,,,,,,,,
Freedom.And.Justice.2021,1724402-freedom-and--2021,movie,https://t.me/FilmHouseFilebot?start=BQADAQADUx8AArFaKUZJgKctjqSEmhYE,,,,,,,,,,,,,,,,,,,,,,,,,,,,,,,,,,,,,,,
Freeridge,136394-freeridge,tv,https://t.me/FilmHouseFilebot?start=BQADAQAD3wQAAkADiEW8rwjcD6WCYBYE,,,,,,,,,,,,,,,,,,,,,,,,,,,,,,,,,,,,,,,
Friday the 13th,4488-friday-the-13th,movie,https://t.me/filmHouseFile1bot?start=BQADAQADGgcAAh-4WEaIOL2IYejPkhYE,,,,,,,,,,,,,,,,,,,,,,,,,,,,,,,,,,,,,,,
Friends: The Reunion,691179-friends-the-reunion,movie,https://t.me/FilmHouseFilebot?start=BQADAQAD4BIAAlvUIUQghvl0HV8GBxYE,,,,,,,,,,,,,,,,,,,,,,,,,,,,,,,,,,,,,,,
Furious 7,168259-furious-7,movie,https://t.me/filmHouseFile1bot?start=BQADAQADGgkAAh-4SEalZ53voa1q5xYE,,,,,,,,,,,,,,,,,,,,,,,,,,,,,,,,,,,,,,,
Game Shakers,64264-game-shakers,tv,https://t.me/+cJUgTGPMeXoyM2Nk,,,,,,,,,,,,,,,,,,,,,,,,,,,,,,,,,,,,,,,
Gangs of Lagos,1104040-gangs-of-lagos,movie,https://t.me/FilmHouseFilebot?start=BQADAQAD8w4AAh50AAFGE2C9bEHWKm4WBA,,,,,,,,,,,,,,,,,,,,,,,,,,,,,,,,,,,,,,,
Gen V,205715-gen-v,tv,https://t.me/FilmHouseFilebot?start=BQADAQADHAoAAt0TaUYURiKK3i37_hYE,,,,,,,,,,,,,,,,,,,,,,,,,,,,,,,,,,,,,,,
Georgie & Mandy's First Marriage,243875-georgie-mandy-s-first-marriage,tv,https://t.me/FilmHouseFilebot?start=BQADAQADuQkAAp3eOEYRuyg8YUtzRRYE,,,,,,,,,,,,,,,,,,,,,,,,,,,,,,,,,,,,,,,
Geostorm,274855-geostorm,movie,https://t.me/filmHouseFile1bot?start=BQADAQADmSAAAh-4UEYfVq4xgVEXSRYE,,,,,,,,,,,,,,,,,,,,,,,,,,,,,,,,,,,,,,,
Gerald's Game,343674-gerald-s-game,movie,https://t.me/filmHouseFile1bot?start=BQADAQADhhAAAq-EQEbFTSgOSZuozxYE,,,,,,,,,,,,,,,,,,,,,,,,,,,,,,,,,,,,,,,
Get Him to the Greek,32823-get-him-to-the-greek,movie,https://t.me/filmHouseFile1bot?start=BQADAQADBxUAAp6faUZeI2eP_uAenhYE,,,,,,,,,,,,,,,,,,,,,,,,,,,,,,,,,,,,,,,
Ghost Rider: Spirit of Vengeance,71676-ghost-rider-spirit-of-vengeance,movie,[object Object],,,,,,,,,,,,,,,,,,,,,,,,,,,,,,,,,,,,,,,
Gifted,400928-gifted,movie,https://t.me/filmHouseFile1bot?start=BQADAQADBwcAAh-4WEaOvGoVuidxxRYE,,,,,,,,,,,,,,,,,,,,,,,,,,,,,,,,,,,,,,,
Girl Friday,1022929-girl-friday,movie,https://t.me/filmHouseFile1bot?start=BQADAQADTxEAAq-EQEZ7uIJtmxGaUxYE,,,,,,,,,,,,,,,,,,,,,,,,,,,,,,,,,,,,,,,
GOAT,1297842-goat,movie,https://t.me/filmHouseFile1bot?start=BQADAQADMhcAAq-EQEYWtjgj7PEhixYE,,,,,,,,,,,,,,,,,,,,,,,,,,,,,,,,,,,,,,,
"Good Luck to You, Leo Grande",758330-good-luck-to-you-leo-grande,movie,https://t.me/filmHouseFile1bot?start=BQADAQADkRAAAq-EQEaIm0TkoIO8GRYE,,,,,,,,,,,,,,,,,,,,,,,,,,,,,,,,,,,,,,,
"Good Luck, Have Fun, Don't Die",1119449-good-luck-have-fun-don-t-die,movie,https://t.me/filmHouseFile1bot?start=BQADAQADOxcAAq-EQEZDQdKLjxZbsBYE,,,,,,,,,,,,,,,,,,,,,,,,,,,,,,,,,,,,,,,
Goosebumps,157004-goosebumps,tv,https://t.me/filmHouseFile1bot?start=BQADAQADsxIAAmjCeUaQBQABvGtJ2dwWBA,,,,,,,,,,,,,,,,,,,,,,,,,,,,,,,,,,,,,,,
Goosebumps: The Vanishing,281666-goosebumps-the-vanishing,tv,https://t.me/filmHouseFile1bot?start=BQADAQADIxkAAh-4UEZH8LPenMklthYE,https://t.me/filmHouseFile1bot?start=BQADAQADLRkAAh-4UEbuuqfHCmM6-RYE,,,,,,,,,,,,,,,,,,,,,,,,,,,,,,,,,,,,,,
Gravity Falls,40075-gravity-falls,tv,https://t.me/FilmHouseFilebot?start=BQADAQADCwcAAmMP-EU7eNdpPMboqRYE,https://t.me/FilmHouseFilebot?start=BQADAQADDAcAAmMP-EVV8p80jlc1qhYE,https://t.me/FilmHouseFilebot?start=BQADAQADDQcAAmMP-EXNGe8WcEXOVxYE,,,,,,,,,,,,,,,,,,,,,,,,,,,,,,,,,,,,,
Grind,219463-grind,tv,https://t.me/FilmHouseFilebot?start=BQADAQADuxEAAo_EuUUUrc51HjJQuhYE,,,,,,,,,,,,,,,,,,,,,,,,,,,,,,,,,,,,,,,
Guardians of the Galaxy,118340-guardians-of-the-galaxy,movie,https://t.me/filmHouseFile1bot?start=BQADAQADaxMAAmjCeUZeZKWj0DkHSxYE,,,,,,,,,,,,,,,,,,,,,,,,,,,,,,,,,,,,,,,
Guardians of the Galaxy Vol. 2,283995-guardians-of-the-galaxy-vol-2,movie,https://t.me/FilmHouseFilebot?start=BQADAQADpx4AArFaKUYXudfLA2SxyxYE,,,,,,,,,,,,,,,,,,,,,,,,,,,,,,,,,,,,,,,
Guardians of the Galaxy Vol. 3,447365-guardians-of-the-galaxy-vol-3,movie,https://t.me/FilmHouseFilebot?start=BQADAQADyR4AArFaKUZUE_spQbUpbhYE,https://t.me/FilmHouseFilebot?start=BQADAQADxx4AArFaKUZsQjw6NhjFthYE,,,,,,,,,,,,,,,,,,,,,,,,,,,,,,,,,,,,,,
Hacksaw Ridge,324786-hacksaw-ridge,movie,https://t.me/filmHouseFile1bot?start=BQADAQAD3yAAAh-4UEbvonjdfs-PnRYE,,,,,,,,,,,,,,,,,,,,,,,,,,,,,,,,,,,,,,,
Haikyu!!,60863-haikyuu,tv,https://t.me/filmHouseFile1bot?start=BQADAQAD2wwAAq-ESEYSKm4_Bvdv7xYE,https://t.me/filmHouseFile1bot?start=BQADAQAD3QwAAq-ESEbr0KwKByPzohYE,https://t.me/filmHouseFile1bot?start=BQADAQAD4AwAAq-ESEYLhFGmnrXQaRYE,https://t.me/filmHouseFile1bot?start=BQADAQAD5AwAAq-ESEZdOiM7uhtSiBYE,,,,,,,,,,,,,,,,,,,,,,,,,,,,,,,,,,,,
HAIKYU!! The Dumpster Battle,1012201,movie,https://t.me/filmHouseFile1bot?start=BQADAQAEDQACr4RIRnlK9Eqb78LMFgQ,,,,,,,,,,,,,,,,,,,,,,,,,,,,,,,,,,,,,,,
Haikyu!! the Movie: The Winner and the Loser,347186,movie,https://t.me/filmHouseFile1bot?start=BQADAQADuA0AAq-ESEYqF2bEPmPKfhYE,,,,,,,,,,,,,,,,,,,,,,,,,,,,,,,,,,,,,,,
Handyman Saitou in Another World,155942,tv,https://t.me/FilmHouseFilebot?start=BQADAQADOhIAAghnMUYyUVDKey21rhYE,,,,,,,,,,,,,,,,,,,,,,,,,,,,,,,,,,,,,,,
Happy Gilmore 2,1263256-happy-gilmore-2,movie,https://t.me/filmHouseFile1bot?start=BQADAQADJR0AAq-ESEbg_B5tzFDqiRYE,,,,,,,,,,,,,,,,,,,,,,,,,,,,,,,,,,,,,,,
Harold and the Purple Crayon,826510-harold-and-the-purple-crayon,movie,https://t.me/filmHouseFile1bot?start=BQADAQADiwkAAh-4SEbUriZdOKIV3xYE,,,,,,,,,,,,,,,,,,,,,,,,,,,,,,,,,,,,,,,
Hawkeye,88329-hawkeye,tv,https://t.me/FilmHouseFilebot?start=BQADAQADchEAArFaIUbIEt7H9gdNKBYE,,,,,,,,,,,,,,,,,,,,,,,,,,,,,,,,,,,,,,,
Head Over Bills,1400517-head-over-bills,movie,https://t.me/FilmHouseFilebot?start=BQADAQADQhoAAghnMUYgJkoKKevECBYE,,,,,,,,,,,,,,,,,,,,,,,,,,,,,,,,,,,,,,,
Heads of State,749170-heads-of-state,movie,https://t.me/filmHouseFile1bot?start=BQADAQADmB0AAq-ESEaiPhWN7iQy-hYE,,,,,,,,,,,,,,,,,,,,,,,,,,,,,,,,,,,,,,,
Heartbreak High,158154-heartbreak-high,tv,https://t.me/FilmHouseFilebot?start=BQADAQAD9xcAAkKtqEUwnUmKkbcKNBYE,https://t.me/FilmHouseFilebot?start=BQADAQAD-xcAAkKtqEUnJcs8YU_fqxYE,,,,,,,,,,,,,,,,,,,,,,,,,,,,,,,,,,,,,,
Hellsing,16830-hellsing,tv,https://t.me/FilmHouseFilebot?start=BQADAQADvREAAghnMUYIJw5UUtOYBRYE,https://t.me/FilmHouseFilebot?start=BQADAQADzxEAAghnMUbgc-Ko1cYTYxYE,,,,,,,,,,,,,,,,,,,,,,,,,,,,,,,,,,,,,,
Helstrom,88987-helstrom,tv,https://t.me/FilmHouseFilebot?start=BQADAQADfhsAArFaKUbkERiKG8HhYE,,,,,,,,,,,,,,,,,,,,,,,,,,,,,,,,,,,,,,,
Henry Danger,61852-henry-danger,tv,https://t.me/+cJUgTGPMeXoyM2Nk,,,,,,,,,,,,,,,,,,,,,,,,,,,,,,,,,,,,,,,
Henry Danger: The Movie,926670-henry-danger-the-movie,movie,https://t.me/FilmHouseFilebot?start=BQADAQADbgkAArlzWUXr-QYtRvyShRYE,https://t.me/FilmHouseFilebot?start=BQADAQAD0wgAAiXYYUVSFhwWnUh-_BYE,,,,,,,,,,,,,,,,,,,,,,,,,,,,,,,,,,,,,,
Her,152601-her,movie,https://t.me/filmHouseFile1bot?start=BQADAQADmyAAAh-4UEYxasM30oNFjhYE,,,,,,,,,,,,,,,,,,,,,,,,,,,,,,,,,,,,,,,
Herman,1586941-herman,movie,https://t.me/filmHouseFile1bot?start=BQADAQADSRcAAq-EQEY5WOHFlV1bfRYE,,,,,,,,,,,,,,,,,,,,,,,,,,,,,,,,,,,,,,,
"Hey, You!",1005166-hey-you,movie,https://t.me/filmHouseFile1bot?start=BQADAQADQx8AAh-4UEY-TJilgEuN9hYE,,,,,,,,,,,,,,,,,,,,,,,,,,,,,,,,,,,,,,,
High (School) On Sex,203906-high-school-on-sex,tv,https://t.me/filmHouseFile1bot?start=BQADAQAD4w8AAq-EQEZ2Ac6dWgXBhxYE,https://t.me/filmHouseFile1bot?start=BQADAQADaxAAAq-EQEaBY0pXMfQCKBYE,,,,,,,,,,,,,,,,,,,,,,,,,,,,,,,,,,,,,,
High School of the Dead,56998-high-school-of-the-dead,tv,https://t.me/filmHouseFile1bot?start=BQADAQADaRAAAh-4UEZdkifVpSGnNhYE,,,,,,,,,,,,,,,,,,,,,,,,,,,,,,,,,,,,,,,
High School of the Dead: Drifters of the Dead,203101-high-school-of-the-dead-drifters-of-the-dead,movie,https://t.me/filmHouseFile1bot?start=BQADAQADbxAAAh-4UEZUdb5LkLyVpRYE,,,,,,,,,,,,,,,,,,,,,,,,,,,,,,,,,,,,,,,
Hijack '93,1364082-hijack-93,movie,https://t.me/filmHouseFile1bot?start=BQADAQADxxAAAq-EQEaB4LBgQ4IEyhYE,,,,,,,,,,,,,,,,,,,,,,,,,,,,,,,,,,,,,,,
Hole in One,45781-hole-in-one,movie,https://t.me/FilmHouseFilebot?start=BQADAQADAwUAAkADiEXY_AIiLp_2FRYE,,,,,,,,,,,,,,,,,,,,,,,,,,,,,,,,,,,,,,,
Home Makeover,54553-home-makeover,movie,https://t.me/filmHouseFile1bot?start=BQADAQADTgcAAh-4WEZw8LzffT5shhYE,,,,,,,,,,,,,,,,,,,,,,,,,,,,,,,,,,,,,,,
Home Service,1135723-home-service,movie,https://t.me/filmHouseFile1bot?start=BQADAQADfxEAAq-EQEbb7mDEygrTZxYE,,,,,,,,,,,,,,,,,,,,,,,,,,,,,,,,,,,,,,,
Homefront,204082-homefront,movie,https://t.me/filmHouseFile1bot?start=BQADAQADWCAAAh-4UEaY9fI-iHG98BYE,,,,,,,,,,,,,,,,,,,,,,,,,,,,,,,,,,,,,,,
"Honey, I Blew Up the Kid",11158-honey-i-blew-up-the-kid,movie,https://t.me/FilmHouseFilebot?start=BQADAQAD7B0AAh-4UEa2doqAcj4InRYE,,,,,,,,,,,,,,,,,,,,,,,,,,,,,,,,,,,,,,,
"Honey, I Shrunk the Kids",9354-honey-i-shrunk-the-kids,movie,https://t.me/FilmHouseFilebot?start=BQADAQAD6x0AAh-4UEZMXwJyEFRq6hYE,,,,,,,,,,,,,,,,,,,,,,,,,,,,,,,,,,,,,,,
"Honey, We Shrunk Ourselves",11425-honey-we-shrunk-ourselves,movie,https://t.me/FilmHouseFilebot?start=BQADAQAD7R0AAh-4UEZvanvtiYbrPxYE,,,,,,,,,,,,,,,,,,,,,,,,,,,,,,,,,,,,,,,
Horimiya,110070,tv,https://t.me/FilmHouseFilebot?start=BQADAQADjR0AArFaKUZxmfrbQjW1MhYE,https://t.me/FilmHouseFilebot?start=BQADAQADrx0AArFaKUZF6lmmFgwUNhYE,,,,,,,,,,,,,,,,,,,,,,,,,,,,,,,,,,,,,,
House of Money,1002447-ile-owo,movie,https://t.me/FilmHouseFilebot?start=BQADAQADew8AAh50AAFGHJpPKXbk_QwWBA,,,,,,,,,,,,,,,,,,,,,,,,,,,,,,,,,,,,,,,
House of the Dragon,94997-house-of-the-dragon,tv,https://t.me/FilmHouseFilebot?start=BQADAQADRgoAArCt0UUhqaSHiqNxHBYE,https://t.me/+buByzJSLOUA0NWI0,,,,,,,,,,,,,,,,,,,,,,,,,,,,,,,,,,,,,,
How I Met Your Mother,1100-how-i-met-your-mother,tv,https://t.me/FilmHouseFilebot?start=BQADAQADtwQAAu61cETBMMrm2srXNRYE,https://t.me/FilmHouseFilebot?start=BQADAQADuQQAAu61cERtR_iv3R3lBBYE,https://t.me/FilmHouseFilebot?start=BQADAQADvQQAAu61cETzXWZslK4tPBYE,https://t.me/FilmHouseFilebot?start=BQADAQADwAQAAu61cESBFlb-9XnrORYE,https://t.me/FilmHouseFilebot?start=BQADAQADwQQAAu61cETNws0425_TKhYE,https://t.me/FilmHouseFilebot?start=BQADAQADxAQAAu61cESXKP-a_8S-1BYE,https://t.me/FilmHouseFilebot?start=BQADAQADxgQAAu61cEQO2gbnv-cfhBYE,https://t.me/FilmHouseFilebot?start=BQADAQADzwQAAu61cESG9_SkDBbqbhYE,https://t.me/FilmHouseFilebot?start=BQADAQAD1AQAAu61cESuSueCFwjAUxYE,,,,,,,,,,,,,,,,,,,,,,,,,,,,,,,
How to Train Your Dragon,1087192-how-to-train-your-dragon,movie,[object Object],,,,,,,,,,,,,,,,,,,,,,,,,,,,,,,,,,,,,,,
Hungry,1382832-hungry,movie,https://t.me/filmHouseFile1bot?start=BQADAQADLRcAAq-EQEZD9KnolIpP6xYE,,,,,,,,,,,,,,,,,,,,,,,,,,,,,,,,,,,,,,,
Hunter x Hunter,46298-hunter-x-hunter,tv,https://t.me/filmHouseFile1bot?start=BQADAQADHhAAAq-ESEYpmKvMlHB8CBYE,https://t.me/filmHouseFile1bot?start=BQADAQADIRAAAq-ESEaB5iuEmSJKKxYE,https://t.me/filmHouseFile1bot?start=BQADAQADJRAAAq-ESEZnkK5K-K6GMRYE,https://t.me/filmHouseFile1bot?start=BQADAQADKBAAAq-ESEY6UyTMAAHKBTAWBA,https://t.me/filmHouseFile1bot?start=BQADAQADLRAAAq-ESEY4WoHpQTSCZhYE,https://t.me/filmHouseFile1bot?start=BQADAQADLxAAAq-ESEbCuicOA2PkYBYE,,,,,,,,,,,,,,,,,,,,,,,,,,,,,,,,,,
I Am Frankie,73698-i-am-frankie,tv,https://t.me/FilmHouseFilebot?start=BQADAQADYw4AAoywoEaerQyr10VLvBYE,https://t.me/FilmHouseFilebot?start=BQADAQADZQ4AAoywoEYGhD-O52-UqBYE,,,,,,,,,,,,,,,,,,,,,,,,,,,,,,,,,,,,,,
I Am Groot,232125-i-am-groot,tv,https://t.me/FilmHouseFilebot?start=BQADAQADJxYAArFaIUal73-O0DX7fBYE,https://t.me/FilmHouseFilebot?start=BQADAQADKRYAArFaIUYJ4MY250iB1BYE,,,,,,,,,,,,,,,,,,,,,,,,,,,,,,,,,,,,,,
I Can Do Bad All By Myself,26367-i-can-do-bad-all-by-myself,movie,https://t.me/filmHouseFile1bot?start=BQADAQADxx4AAh-4UEYrZ7G1ENmz7hYE,,,,,,,,,,,,,,,,,,,,,,,,,,,,,,,,,,,,,,,
I'm Not Ashamed,409502-i-m-not-ashamed,movie,https://t.me/filmHouseFile1bot?start=BQADAQADTR8AAh-4UEYvHCUAAe639ToWBA,,,,,,,,,,,,,,,,,,,,,,,,,,,,,,,,,,,,,,,
iCarly,5371-icarly,tv,https://t.me/+cJUgTGPMeXoyM2Nk,,,,,,,,,,,,,,,,,,,,,,,,,,,,,,,,,,,,,,,
Ijakumo: The Born Again Stripper,1058491-ijakumo-the-born-again-stripper,movie,https://t.me/FilmHouseFilebot?start=BQADAQAD0A8AAh50AAFGsS75AAF_iobqFgQ,,,,,,,,,,,,,,,,,,,,,,,,,,,,,,,,,,,,,,,
Ilebaye,1725446-ilebaye,movie,https://t.me/filmHouseFile1bot?start=BQADAQADEQ8AAq-EQEYh01azJO2M6BYE,,,,,,,,,,,,,,,,,,,,,,,,,,,,,,,,,,,,,,,
In the Realm of the Senses,5879,movie,https://t.me/filmHouseFile1bot?start=BQADAQADGRAAAq-EQEa9W0nwLRrqsxYE,,,,,,,,,,,,,,,,,,,,,,,,,,,,,,,,,,,,,,,
In the Tall Grass,523139-in-the-tall-grass,movie,https://t.me/filmHouseFile1bot?start=BQADAQADVB8AAh-4UEYtgma-YOdLQxYE,,,,,,,,,,,,,,,,,,,,,,,,,,,,,,,,,,,,,,,
Inside 'The Hitchhiker's Guide to the Galaxy',435565-inside-the-hitchhiker-s-guide-to-the-galaxy,movie,https://t.me/filmHouseFile1bot?start=BQADAQADMAcAAh-4WEZrvd9DjzQtERYE,,,,,,,,,,,,,,,,,,,,,,,,,,,,,,,,,,,,,,,
Inside Out,150540-inside-out,movie,https://t.me/filmHouseFile1bot?start=BQADAQADig8AAmjCeUbCVXmNKr75vRYE,,,,,,,,,,,,,,,,,,,,,,,,,,,,,,,,,,,,,,,
Inside Out 2,1022789-inside-out-2,movie,https://t.me/filmHouseFile1bot?start=BQADAQADiA8AAmjCeUbiEWOrTSPguxYE,,,,,,,,,,,,,,,,,,,,,,,,,,,,,,,,,,,,,,,
Insidious,49018-insidious,movie,https://t.me/filmHouseFile1bot?start=BQADAQADkw8AAmjCeUY_3IhksFNJVxYE,,,,,,,,,,,,,,,,,,,,,,,,,,,,,,,,,,,,,,,
Insidious: Chapter 2,91586-insidious-chapter-2,movie,https://t.me/filmHouseFile1bot?start=BQADAQADlg8AAmjCeUaYvPgqLOqFiBYE,,,,,,,,,,,,,,,,,,,,,,,,,,,,,,,,,,,,,,,
Ip Man: Kung Fu Legend (2026),1628071-2,movie,https://t.me/filmHouseFile1bot?start=BQADAQAD7w4AAq-EQEbsWCqxhl7KBxYE,https://t.me/filmHouseFile1bot?start=BQADAQAD8Q4AAq-EQEYn8FCMb4MzrxYE,,,,,,,,,,,,,,,,,,,,,,,,,,,,,,,,,,,,,,
Iron Man,45418-iron-man,tv,[object Object],,,,,,,,,,,,,,,,,,,,,,,,,,,,,,,,,,,,,,,
Iron Man 2,10138-iron-man-2,movie,[object Object],,,,,,,,,,,,,,,,,,,,,,,,,,,,,,,,,,,,,,,
Iron Man 3,68721-iron-man-3,movie,[object Object],,,,,,,,,,,,,,,,,,,,,,,,,,,,,,,,,,,,,,,
Iron Man: Rise of Technovore,169934-iron-man-rise-of-technovore,movie,https://t.me/filmHouseFile1bot?start=BQADAQADUxMAAmjCeUYEYgx7vddUjBYE,,,,,,,,,,,,,,,,,,,,,,,,,,,,,,,,,,,,,,,
Ironheart,114471-ironheart,tv,https://t.me/FilmHouseFilebot?start=BQADAQADvREAArFaIUY915KK0AmfrhYE,,,,,,,,,,,,,,,,,,,,,,,,,,,,,,,,,,,,,,,
Jailbait,253046-jailbait,movie,https://t.me/filmHouseFile1bot?start=BQADAQADWx8AAh-4UEb8-8EicpVDwxYE,,,,,,,,,,,,,,,,,,,,,,,,,,,,,,,,,,,,,,,
Jessie,38974-jessie,tv,https://t.me/+cJUgTGPMeXoyM2Nk,,,,,,,,,,,,,,,,,,,,,,,,,,,,,,,,,,,,,,,
John Wick,245891-john-wick,movie,https://t.me/filmHouseFile1bot?start=BQADAQADoiAAAh-4UEY3h47aIT1rYxYE,,,,,,,,,,,,,,,,,,,,,,,,,,,,,,,,,,,,,,,
John Wick: Chapter 2,324552-john-wick-chapter-2,movie,https://t.me/filmHouseFile1bot?start=BQADAQADpSAAAh-4UEaXntXr9UJOCBYE,,,,,,,,,,,,,,,,,,,,,,,,,,,,,,,,,,,,,,,
John Wick: Chapter 3 - Parabellum,458156-john-wick-chapter-3-parabellum,movie,https://t.me/filmHouseFile1bot?start=BQADAQADoSAAAh-4UEb39Z0rjGrrAhYE,,,,,,,,,,,,,,,,,,,,,,,,,,,,,,,,,,,,,,,
John Wick: Chapter 4,603692-john-wick-chapter-4,movie,https://t.me/filmHouseFile1bot?start=BQADAQADpyAAAh-4UEbtOy9Qq1q13xYE,,,,,,,,,,,,,,,,,,,,,,,,,,,,,,,,,,,,,,,
JUJUTSU KAISEN,95479-jujutsu-kaisen,tv,https://t.me/filmHouseFile1bot?start=BQADAQADfxAAAh-4UEZ_BOBHEUgq2hYE,https://t.me/filmHouseFile1bot?start=BQADAQADgRAAAh-4UEY9v-LlYleQTRYE,,,,,,,,,,,,,,,,,,,,,,,,,,,,,,,,,,,,,,
Jujutsu Kaisen 0,810693-jujutsu-kaisen-0,movie,https://t.me/filmHouseFile1bot?start=BQADAQADdhAAAh-4UEbiVE78NONeVBYE,,,,,,,,,,,,,,,,,,,,,,,,,,,,,,,,,,,,,,,
Jurassic World,135397-jurassic-world,movie,https://t.me/filmHouseFile1bot?start=BQADAQADqyAAAh-4UEY4RhOlbri1bBYE,,,,,,,,,,,,,,,,,,,,,,,,,,,,,,,,,,,,,,,
Kabaneri of the Iron Fortress,65945,tv,https://t.me/filmHouseFile1bot?start=BQADAQADLA4AAq-ESEajNYLslAzCZhYE,,,,,,,,,,,,,,,,,,,,,,,,,,,,,,,,,,,,,,,
Kabaneri of the Iron Fortress: The Battle of Unato,567006,movie,https://t.me/filmHouseFile1bot?start=BQADAQADQg4AAq-ESEbKmbmXlvt27RYE,,,,,,,,,,,,,,,,,,,,,,,,,,,,,,,,,,,,,,,
Kabayo,1127209-kabayo,movie,https://t.me/filmHouseFile1bot?start=BQADAQAD3Q8AAq-EQEauN67-ks-PARYE,,,,,,,,,,,,,,,,,,,,,,,,,,,,,,,,,,,,,,,
Kaiju No. 8,207468-8,tv,https://t.me/filmHouseFile1bot?start=BQADAQADggsAAq-EQEbCsAqUDKoneRYE,https://t.me/filmHouseFile1bot?start=BQADAQADUAwAAq-ESEbNHRk5VbJyORYE,,,,,,,,,,,,,,,,,,,,,,,,,,,,,,,,,,,,,,
Kakegurui,72305,tv,https://t.me/FilmHouseFilebot?start=BQADAQADER4AArFaKUan3oOjo19wSRYE,https://t.me/FilmHouseFilebot?start=BQADAQADJx4AArFaKUawlJmwMAYCThYE,,,,,,,,,,,,,,,,,,,,,,,,,,,,,,,,,,,,,,
Karate Kid: Legends,1011477-karate-kid-legends,movie,https://t.me/filmHouseFile1bot?start=BQADAQADrBwAAq-ESEbzcwZI7w1a5RYE,,,,,,,,,,,,,,,,,,,,,,,,,,,,,,,,,,,,,,,
Killhouse,1493123-killhouse,movie,https://t.me/filmHouseFile1bot?start=BQADAQADHx4AAq-ESEZtUumrxGY-hxYE,,,,,,,,,,,,,,,,,,,,,,,,,,,,,,,,,,,,,,,
King of Boys,570465-king-of-boys,movie,https://t.me/filmHouseFile1bot?start=BQADAQAD_wkAAq-EQEZh8E9diHmWMBYE,https://t.me/filmHouseFile1bot?start=BQADAQADDwoAAq-EQEZlzmsadhebcRYE,https://t.me/filmHouseFile1bot?start=BQADAQADEAoAAq-EQEakzYTtR80kZRYE,https://t.me/filmHouseFile1bot?start=BQADAQADEQoAAq-EQEYel5_OxvuLhRYE,https://t.me/filmHouseFile1bot?start=BQADAQADEgoAAq-EQEbE5JTL-4txhhYE,https://t.me/filmHouseFile1bot?start=BQADAQADEwoAAq-EQEagqblNuadk3BYE,https://t.me/filmHouseFile1bot?start=BQADAQADFAoAAq-EQEbO9G6rlQ7V7RYE,,,,,,,,,,,,,,,,,,,,,,,,,,,,,,,,,
Kiss and Kill,460229-kiss-and-kill,movie,https://t.me/filmHouseFile1bot?start=BQADAQADeQ8AAq-EQEYp7AcuKX6UTRYE,,,,,,,,,,,,,,,,,,,,,,,,,,,,,,,,,,,,,,,
Knocked Up,4964-knocked-up,movie,https://t.me/filmHouseFile1bot?start=BQADAQADwh0AAq-ESEZMcyGz8ybjfhYE,,,,,,,,,,,,,,,,,,,,,,,,,,,,,,,,,,,,,,,
Kraven the Hunter,539972-kraven-the-hunter,movie,https://t.me/FilmHouseFilebot?start=BQADAQADHRIAArFaIUbqtF48vq6ZqRYE,,,,,,,,,,,,,,,,,,,,,,,,,,,,,,,,,,,,,,,
Kung Fu Panda: The Dragon Knight,129959-kung-fu-panda-the-dragon-knight,tv,https://t.me/FilmHouseFilebot?start=BQADAQADIQcAAoDV8EcZKJgQRQoT4hYE,https://t.me/FilmHouseFilebot?start=BQADAQADKAcAAoDV8Edikmm0wf6ekxYE,https://t.me/FilmHouseFilebot?start=BQADAQADfgcAAoDV-EfOBEeZswltORYE,,,,,,,,,,,,,,,,,,,,,,,,,,,,,,,,,,,,,
Lazarus,231003-lazarus,tv,https://t.me/FilmHouseFilebot?start=BQADAQADHRMAArFaKUYw2ZGmq97EoRYE,,,,,,,,,,,,,,,,,,,,,,,,,,,,,,,,,,,,,,,
LEAKED,1723689-leaked,movie,https://t.me/FilmHouseFilebot?start=BQADAQADUhsAArFaKUaQvGvn4Hj07xYE,,,,,,,,,,,,,,,,,,,,,,,,,,,,,,,,,,,,,,,
Legion,67195-legion,tv,https://t.me/FilmHouseFilebot?start=BQADAQAD5h0AArFaKUZaOjeaZtlfqRYE,https://t.me/FilmHouseFilebot?start=BQADAQAD6R0AArFaKUY58PeOntgeURYE,https://t.me/FilmHouseFilebot?start=BQADAQAD8B0AArFaKUaFjPgp_8-yhBYE,,,,,,,,,,,,,,,,,,,,,,,,,,,,,,,,,,,,,
Leo,1075794-leo,movie,https://t.me/filmHouseFile1bot?start=BQADAQADQAkAAh-4SEYGfoqfw107lRYE,,,,,,,,,,,,,,,,,,,,,,,,,,,,,,,,,,,,,,,
Life,395992-life,movie,https://t.me/filmHouseFile1bot?start=BQADAQAD8h8AAh-4UEYk4-iwPIWZWRYE,,,,,,,,,,,,,,,,,,,,,,,,,,,,,,,,,,,,,,,
Lil Kev,283141-lil-kev,tv,https://t.me/filmHouseFile1bot?start=BQADAQADkh4AAh-4UEbGNYNy6QzAWBYE,,,,,,,,,,,,,,,,,,,,,,,,,,,,,,,,,,,,,,,
Little Women,331482-little-women,movie,https://t.me/filmHouseFile1bot?start=BQADAQADXiAAAh-4UEbNBmUg9oqXphYE,,,,,,,,,,,,,,,,,,,,,,,,,,,,,,,,,,,,,,,
Locke & Key,86423-locke-key,tv,https://t.me/FilmHouseFilebot?start=BQADAQADdgoAAt1EmUWKcSjGZjdZehYE,https://t.me/FilmHouseFilebot?start=BQADAQADdwoAAt1EmUXt4ISHHhH6mRYE,https://t.me/FilmHouseFilebot?start=BQADAQADeQoAAt1EmUXfFAq38fjLVRYE,,,,,,,,,,,,,,,,,,,,,,,,,,,,,,,,,,,,,
Logan,263115-logan,movie,https://t.me/FilmHouseFilebot?start=BQADAQAD4B4AArFaKUaEy9wLuGiClRYE,https://t.me/FilmHouseFilebot?start=BQADAQAD3x4AArFaKUZd61U2PvUsSRYE,,,,,,,,,,,,,,,,,,,,,,,,,,,,,,,,,,,,,,
Loki,84958-loki,tv,https://t.me/FilmHouseFilebot?start=BQADAQADcg4AAgmjcERMpprpHJHctxYE,https://t.me/FilmHouseFilebot?start=BQADAQADeQ4AAgmjcERmD-eZ7q4gzRYE,,,,,,,,,,,,,,,,,,,,,,,,,,,,,,,,,,,,,,
Love and Life,1223826-love-and-life,movie,https://t.me/FilmHouseFilebot?start=BQADAQADohMAAghnMUaj2kcPiM4-4RYE,,,,,,,,,,,,,,,,,,,,,,,,,,,,,,,,,,,,,,,
Love Don't Co$t a Thing,21542-love-don-t-co-t-a-thing,movie,https://t.me/filmHouseFile1bot?start=BQADAQADryAAAh-4UEYmxWtsx_DzZBYE,,,,,,,,,,,,,,,,,,,,,,,,,,,,,,,,,,,,,,,
Love In A Pandemic,1084836-love-in-a-pandemic,movie,https://t.me/FilmHouseFilebot?start=BQADAQADlQ8AAh50AAFG0sfCq4GI7fcWBA,,,,,,,,,,,,,,,,,,,,,,,,,,,,,,,,,,,,,,,
Love In Every Word,1449099-love-in-every-word,movie,[object Object],,,,,,,,,,,,,,,,,,,,,,,,,,,,,,,,,,,,,,,
Love in Taipei,745391-love-in-taipei,movie,https://t.me/filmHouseFile1bot?start=BQADAQADtCAAAh-4UEbz4UqIzJKCIhYE,,,,,,,,,,,,,,,,,,,,,,,,,,,,,,,,,,,,,,,
"Love, Election, & Chocolate",46093-love-election-chocolate,tv,https://t.me/filmHouseFile1bot?start=BQADAQADzg8AAh-4UEZQo7kT7TIRFRYE,,,,,,,,,,,,,,,,,,,,,,,,,,,,,,,,,,,,,,,
Lovely Ladies Dormitory,214080-lovely-ladies-dorm,tv,https://t.me/filmHouseFile1bot?start=BQADAQADfw8AAq-EQEbtYBrJpTgjBhYE,,,,,,,,,,,,,,,,,,,,,,,,,,,,,,,,,,,,,,,
Lupin,96677-lupin,tv,https://t.me/FilmHouseFilebot?start=BQADAQADMQgAAka6CUQaznRRONLYuBYE,https://t.me/FilmHouseFilebot?start=BQADAQADNAgAAka6CUQiTdkalYzqGxYE,https://t.me/FilmHouseFilebot?start=BQADAQADOAgAAka6CURztvLGSoJjoBYE,,,,,,,,,,,,,,,,,,,,,,,,,,,,,,,,,,,,,
Mac & Devin Go to High School,104859-mac-devin-go-to-high-school,movie,[object Object],,,,,,,,,,,,,,,,,,,,,,,,,,,,,,,,,,,,,,,
Mad Buddies,113145-mad-buddies,movie,https://t.me/filmHouseFile1bot?start=BQADAQADfR8AAh-4UEbINyMV7SgcPBYE,,,,,,,,,,,,,,,,,,,,,,,,,,,,,,,,,,,,,,,
Madame Web,634492-madame-web,movie,https://t.me/FilmHouseFilebot?start=BQADAQADHBMAArFaIUZIqG12W03GcBYE,https://t.me/FilmHouseFilebot?start=BQADAQADHRMAArFaIUbwUvDrVEI-rhYE,,,,,,,,,,,,,,,,,,,,,,,,,,,,,,,,,,,,,,
Made in Abyss,72636-made-in-abyss,tv,https://t.me/FilmHouseFilebot?start=BQADAQADbxYAArFaKUa1HEP0hV4K6xYE,https://t.me/FilmHouseFilebot?start=BQADAQADghYAArFaKUa1S6CQXxP6qRYE,,,,,,,,,,,,,,,,,,,,,,,,,,,,,,,,,,,,,,
Made in Abyss: Journey's Dawn,526426,movie,https://t.me/FilmHouseFilebot?start=BQADAQADdxYAArFaKUbI4ZNi1Dw7BBYE,,,,,,,,,,,,,,,,,,,,,,,,,,,,,,,,,,,,,,,
Made in Abyss: Wandering Twilight,526429,movie,https://t.me/FilmHouseFilebot?start=BQADAQADfRYAArFaKUak4Ud_kEFy6BYE,,,,,,,,,,,,,,,,,,,,,,,,,,,,,,,,,,,,,,,
Madea Goes to Jail,15670-madea-goes-to-jail,movie,https://t.me/filmHouseFile1bot?start=BQADAQAD0x4AAh-4UEYL6n1-0NqyOhYE,,,,,,,,,,,,,,,,,,,,,,,,,,,,,,,,,,,,,,,
Madea's Big Happy Family,51017-madea-s-big-happy-family,movie,https://t.me/filmHouseFile1bot?start=BQADAQAD1h4AAh-4UEYTHgX_yCzCOhYE,,,,,,,,,,,,,,,,,,,,,,,,,,,,,,,,,,,,,,,
Madea's Destination Wedding,1246310-madea-s-destination-wedding,movie,https://t.me/filmHouseFile1bot?start=BQADAQAD2B4AAh-4UEZvjofo6VaOfRYE,,,,,,,,,,,,,,,,,,,,,,,,,,,,,,,,,,,,,,,
Madea's Family Reunion,16781-madea-s-family-reunion,movie,https://t.me/filmHouseFile1bot?start=BQADAQAD2h4AAh-4UEYlTSYja_Q9XRYE,,,,,,,,,,,,,,,,,,,,,,,,,,,,,,,,,,,,,,,
Madea's Witness Protection,103370-madea-s-witness-protection,movie,https://t.me/filmHouseFile1bot?start=BQADAQADzh4AAh-4UEabhoRd0xJx-RYE,,,,,,,,,,,,,,,,,,,,,,,,,,,,,,,,,,,,,,,
Magical Destroyers,133282-magical-destroyers,tv,https://t.me/filmHouseFile1bot?start=BQADAQADAhAAAh-4UEYJ3sfmouubjhYE,,,,,,,,,,,,,,,,,,,,,,,,,,,,,,,,,,,,,,,
Maia,1479177-maia,movie,https://t.me/FilmHouseFilebot?start=BQADAQAD4RsAAghnMUbou2QqJ4yrUBYE,,,,,,,,,,,,,,,,,,,,,,,,,,,,,,,,,,,,,,,
Malena,10867-malena,movie,https://t.me/filmHouseFile1bot?start=BQADAQADgx8AAh-4UEY4LKqDw1Sx9BYE,,,,,,,,,,,,,,,,,,,,,,,,,,,,,,,,,,,,,,,
Marvel Disk Wars: The Avengers,70801-marvel-disk-wars-the-avengers,tv,https://t.me/filmHouseFile1bot?start=BQADAQADRRMAAmjCeUY6VLq_J-5FGRYE,,,,,,,,,,,,,,,,,,,,,,,,,,,,,,,,,,,,,,,
Marvel One-Shot: A Funny Thing Happened on the Way to Thor's Hammer,76535-marvel-one-shot-a-funny-thing-happened-on-the-way-to-thor-s-hammer,movie,[object Object],,,,,,,,,,,,,,,,,,,,,,,,,,,,,,,,,,,,,,,
Marvel One-Shot: Agent Carter,211387-marvel-one-shot-agent-carter,movie,[object Object],,,,,,,,,,,,,,,,,,,,,,,,,,,,,,,,,,,,,,,
Marvel One-Shot: All Hail the King,253980-marvel-one-shot-all-hail-the-king,movie,https://t.me/filmHouseFile1bot?start=BQADAQADbxMAAmjCeUaFfgm1NYZRwBYE,,,,,,,,,,,,,,,,,,,,,,,,,,,,,,,,,,,,,,,
Marvel One-Shot: Item 47,119569-marvel-one-shot-item-47,movie,[object Object],,,,,,,,,,,,,,,,,,,,,,,,,,,,,,,,,,,,,,,
Marvel One-Shot: The Consultant,76122-marvel-one-shot-the-consultant,movie,[object Object],,,,,,,,,,,,,,,,,,,,,,,,,,,,,,,,,,,,,,,
Marvel Zombies,138505-marvel-zombies,tv,https://t.me/FilmHouseFilebot?start=BQADAQADrBEAArFaIUZFQDiQcGhXmhYE,,,,,,,,,,,,,,,,,,,,,,,,,,,,,,,,,,,,,,,
Marvel's Agent Carter,61550-marvel-s-agent-carter,tv,https://t.me/filmHouseFile1bot?start=BQADAQADKxMAAmjCeUYDIu5_95IrCBYE,https://t.me/filmHouseFile1bot?start=BQADAQADLxMAAmjCeUaD26eE3cWfPRYE,,,,,,,,,,,,,,,,,,,,,,,,,,,,,,,,,,,,,,
Marvel's Agents of S.H.I.E.L.D.,1403-marvel-s-agents-of-s-h-i-e-l-d,tv,https://t.me/filmHouseFile1bot?start=BQADAQADlxMAAmjCeUYGJDQ-RAmNcxYE,https://t.me/filmHouseFile1bot?start=BQADAQADmRMAAmjCeUbl-SzeW0lnvxYE,https://t.me/filmHouseFile1bot?start=BQADAQADoBMAAmjCeUYjrNN9DqtZCBYE,https://t.me/filmHouseFile1bot?start=BQADAQADoBMAAmjCeUYjrNN9DqtZCBYE,https://t.me/filmHouseFile1bot?start=BQADAQADrxMAAmjCeUY-R1UVILQ38BYE,https://t.me/filmHouseFile1bot?start=BQADAQADqxMAAmjCeUbhtsQp7jpM8xYE,https://t.me/filmHouseFile1bot?start=BQADAQADrxMAAmjCeUY-R1UVILQ38BYE,,,,,,,,,,,,,,,,,,,,,,,,,,,,,,,,,
Marvel's Agents of S.H.I.E.L.D.: Slingshot,69088-agents-of-s-h-i-e-l-d-slingshot,tv,https://t.me/FilmHouseFilebot?start=BQADAQAD8x4AArFaKUZGAAEycGhf4kwWBA,,,,,,,,,,,,,,,,,,,,,,,,,,,,,,,,,,,,,,,
Marvel's Avengers,59427-marvel-s-avengers,tv,https://t.me/filmHouseFile1bot?start=BQADAQADRRQAAmjCeUa-_0mNsmqVxxYE,https://t.me/filmHouseFile1bot?start=BQADAQADTBQAAmjCeUYlCqq_GVBbpRYE,https://t.me/filmHouseFile1bot?start=BQADAQADWRQAAmjCeUYScfeMjr5pEBYE,https://t.me/filmHouseFile1bot?start=BQADAQADYBQAAmjCeUZ0ys8vAXafZBYE,https://t.me/filmHouseFile1bot?start=BQADAQADYRQAAmjCeUY-AAHR1gmf2MsWBA,,,,,,,,,,,,,,,,,,,,,,,,,,,,,,,,,,,
Marvel's Cloak & Dagger,66190-marvel-s-cloak-and-dagger,tv,https://t.me/FilmHouseFilebot?start=BQADAQADURwAArFaKUaiXstbQ2cfhBYE,https://t.me/FilmHouseFilebot?start=BQADAQADUxwAArFaKUYr4bJ_-NuKnhYE,,,,,,,,,,,,,,,,,,,,,,,,,,,,,,,,,,,,,,
Marvel's Daredevil,61889-marvel-s-daredevil,tv,https://t.me/FilmHouseFilebot?start=BQADAQADhwoAAkADgEXNJWMQM9UuPhYE,https://t.me/FilmHouseFilebot?start=BQADAQADjQoAAkADgEVzIYSehnMKLRYE,https://t.me/FilmHouseFilebot?start=BQADAQADkAoAAkADgEV-v3OiRJpiShYE,,,,,,,,,,,,,,,,,,,,,,,,,,,,,,,,,,,,,
Marvel's Future Avengers,91278-marvel-future-avengers,tv,https://t.me/FilmHouseFilebot?start=BQADAQADoB0AArFaKUZMW2kpo_qAlBYE,https://t.me/FilmHouseFilebot?start=BQADAQADpR0AArFaKUbV7uSQseNX3hYE,,,,,,,,,,,,,,,,,,,,,,,,,,,,,,,,,,,,,,
Marvel's Guardians of the Galaxy,63181-marvel-s-guardians-of-the-galaxy,tv,https://t.me/filmHouseFile1bot?start=BQADAQADARMAAmjCeUZJUb55tqYctxYE,https://t.me/filmHouseFile1bot?start=BQADAQADBhMAAmjCeUZewWHtJPKGsxYE,https://t.me/filmHouseFile1bot?start=BQADAQADCBMAAmjCeUboBk2qqvTophYE,,,,,,,,,,,,,,,,,,,,,,,,,,,,,,,,,,,,,
Marvel's Hit-Monkey,133903-hit-monkey,tv,https://t.me/FilmHouseFilebot?start=BQADAQAD1BoAArFaKUY-dupjFvS27hYE,https://t.me/FilmHouseFilebot?start=BQADAQAD1hoAArFaKUa9WbipCe8rERYE,,,,,,,,,,,,,,,,,,,,,,,,,,,,,,,,,,,,,,
Marvel's Hit-Monkey,133903-hit-monkey,tv,https://t.me/FilmHouseFilebot?start=BQADAQAD1BoAArFaKUY-dupjFvS27hYE,https://t.me/FilmHouseFilebot?start=BQADAQAD1hoAArFaKUa9WbipCe8rERYE,,,,,,,,,,,,,,,,,,,,,,,,,,,,,,,,,,,,,,
Marvel's Hulk and the Agents of S.M.A.S.H.,40044-marvel-s-hulk-and-the-agents-of-s-m-a-s-h,tv,https://t.me/filmHouseFile1bot?start=BQADAQADKhQAAmjCeUbh_8nWIiijpxYE,https://t.me/filmHouseFile1bot?start=BQADAQADLRQAAmjCeUa71b-w3LwnWRYE,,,,,,,,,,,,,,,,,,,,,,,,,,,,,,,,,,,,,,
Marvel's Inhumans,68716-marvel-s-inhumans,tv,https://t.me/FilmHouseFilebot?start=BQADAQADPB4AArFaKUZPgvZE9DnfPBYE,,,,,,,,,,,,,,,,,,,,,,,,,,,,,,,,,,,,,,,
Marvel's Iron Fist,62127-marvel-s-iron-fist,tv,https://t.me/FilmHouseFilebot?start=BQADAQADlwoAAkADgEWSbuTBbKcEphYE,https://t.me/FilmHouseFilebot?start=BQADAQADmQoAAkADgEUU3QLPP3tMKBYE,,,,,,,,,,,,,,,,,,,,,,,,,,,,,,,,,,,,,,
Marvel's Iron Fist,62127-marvel-s-iron-fist,tv,https://t.me/FilmHouseFilebot?start=BQADAQADXB4AArFaKUZI3wKicyCyfhYE,https://t.me/FilmHouseFilebot?start=BQADAQADYB4AArFaKUbFWKIuzB894BYE,,,,,,,,,,,,,,,,,,,,,,,,,,,,,,,,,,,,,,
Marvel's Jessica Jones,38472-marvel-s-jessica-jones,tv,https://t.me/filmHouseFile1bot?start=BQADAQADHRMAAmjCeUb6L4zC_XVlGBYE,https://t.me/filmHouseFile1bot?start=BQADAQADHhMAAmjCeUaCHn3AqkBd6RYE,https://t.me/filmHouseFile1bot?start=BQADAQADHxMAAmjCeUbIZCdvHMOm3RYE,,,,,,,,,,,,,,,,,,,,,,,,,,,,,,,,,,,,,
Marvel's Luke Cage,62126-marvel-s-luke-cage,tv,https://t.me/FilmHouseFilebot?start=BQADAQAD9R4AArFaKUZ8hmZFre0zDRYE,https://t.me/FilmHouseFilebot?start=BQADAQAD9x4AArFaKUbU1aJMRxE8rBYE,,,,,,,,,,,,,,,,,,,,,,,,,,,,,,,,,,,,,,
Marvel's M.O.D.O.K.,111312-marvel-s-m-o-d-o-k,tv,https://t.me/FilmHouseFilebot?start=BQADAQAD3BoAArFaKUaJTfoGI4-kpBYE,,,,,,,,,,,,,,,,,,,,,,,,,,,,,,,,,,,,,,,
Marvel's Moon Girl and Devil Dinosaur,92788-moon-girl-and-devil-dinosaur,tv,https://t.me/FilmHouseFilebot?start=BQADAQADnRMAArFaIUZ_JqP-_sW3GhYE,https://t.me/FilmHouseFilebot?start=BQADAQADqRMAArFaIUb5I5g3iEbDeRYE,,,,,,,,,,,,,,,,,,,,,,,,,,,,,,,,,,,,,,
Marvel's Runaways,67466-marvel-s-runaways,tv,https://t.me/FilmHouseFilebot?start=BQADAQADsR0AArFaKUbrCXLaaVkj9BYE,https://t.me/FilmHouseFilebot?start=BQADAQADtB0AArFaKUZcBQdr_oTzSBYE,https://t.me/FilmHouseFilebot?start=BQADAQADth0AArFaKUbfCzhJ2DwfHRYE,,,,,,,,,,,,,,,,,,,,,,,,,,,,,,,,,,,,,
Marvel's Spider-Man,72705-spider-man,tv,https://t.me/FilmHouseFilebot?start=BQADAQADUR0AArFaKUYbClUGfC12exYE,https://t.me/FilmHouseFilebot?start=BQADAQADVh0AArFaKUYmfyKNC4VS9BYE,https://t.me/FilmHouseFilebot?start=BQADAQADWx0AArFaKUaANrbKYeWgxhYE,,,,,,,,,,,,,,,,,,,,,,,,,,,,,,,,,,,,,
Marvel's The Defenders,62285-marvel-s-the-defenders,tv,https://t.me/FilmHouseFilebot?start=BQADAQADQh4AArFaKUbtmHgx_y9eERYE,,,,,,,,,,,,,,,,,,,,,,,,,,,,,,,,,,,,,,,
Marvel's The Punisher,67178-marvel-s-the-punisher,tv,https://t.me/FilmHouseFilebot?start=BQADAQADkwoAAkADgEUw4NksXneerxYE,https://t.me/FilmHouseFilebot?start=BQADAQADlgoAAkADgEVKMoKOzjpSSBYE,,,,,,,,,,,,,,,,,,,,,,,,,,,,,,,,,,,,,,
MASHLE: MAGIC AND MUSCLES,204832-mashle-magic-and-muscles,tv,https://t.me/filmHouseFile1bot?start=BQADAQADjBAAAh-4UEa9aQHZmZa0MxYE,https://t.me/filmHouseFile1bot?start=BQADAQADlBAAAh-4UEZMPqBNqj-nJxYE,,,,,,,,,,,,,,,,,,,,,,,,,,,,,,,,,,,,,,
Matilda,10830-matilda,movie,https://t.me/FilmHouseFilebot?start=BQADAQADkRgAAkKtqEWqA0ctb4pM3RYE,,,,,,,,,,,,,,,,,,,,,,,,,,,,,,,,,,,,,,,
Meet Dave,11260-meet-dave,movie,https://t.me/filmHouseFile1bot?start=BQADAQADBhUAAp6faUaKRCB1uFan8hYE,,,,,,,,,,,,,,,,,,,,,,,,,,,,,,,,,,,,,,,
Meet the Khumalos,1450863-meet-the-khumalos,movie,[object Object],,,,,,,,,,,,,,,,,,,,,,,,,,,,,,,,,,,,,,,
Merlin,7225-merlin,tv,https://t.me/FilmHouseFilebot?start=BQADAQADNwoAAkADgEXE84ugeQXjdxYE,https://t.me/FilmHouseFilebot?start=BQADAQADOAoAAkADgEUFVhSZy-pythYE,https://t.me/FilmHouseFilebot?start=BQADAQADOgoAAkADgEU-CLjokHsvwxYE,https://t.me/FilmHouseFilebot?start=BQADAQADPgoAAkADgEXVAzOkY_D0axYE,https://t.me/FilmHouseFilebot?start=BQADAQADQAoAAkADgEXLpF_1-ZMa_xYE,,,,,,,,,,,,,,,,,,,,,,,,,,,,,,,,,,,
Mikolo,1166162-mikolo,movie,https://t.me/FilmHouseFilebot?start=BQADAQADHQ8AAh50AAFGEaPysc-dP8kWBA,,,,,,,,,,,,,,,,,,,,,,,,,,,,,,,,,,,,,,,
Minion Scouts,624995-minion-scouts,movie,https://t.me/filmHouseFile1bot?start=BQADAQADTwcAAh-4WEYGH0anhkQ6-hYE,,,,,,,,,,,,,,,,,,,,,,,,,,,,,,,,,,,,,,,
Minions,211672-minions,movie,https://t.me/filmHouseFile1bot?start=BQADAQADVQcAAh-4WEb9NZNfPpwoDhYE,,,,,,,,,,,,,,,,,,,,,,,,,,,,,,,,,,,,,,,
Minions & More 2,1045644-minions-more-2,movie,https://t.me/filmHouseFile1bot?start=BQADAQADYAcAAh-4WEbuyAojEx53lRYE,,,,,,,,,,,,,,,,,,,,,,,,,,,,,,,,,,,,,,,
Minions & More Volume 1,1029119-minions-more-volume-1,movie,https://t.me/filmHouseFile1bot?start=BQADAQADXwcAAh-4WEZKHEaQBKFTEBYE,,,,,,,,,,,,,,,,,,,,,,,,,,,,,,,,,,,,,,,
Minions: Holiday Special,764079-minions-holiday-special,movie,https://t.me/filmHouseFile1bot?start=BQADAQADZwcAAh-4WEaIRS2vHHYXMRYE,,,,,,,,,,,,,,,,,,,,,,,,,,,,,,,,,,,,,,,
Minions: The Rise of Gru,438148-minions-the-rise-of-gru,movie,https://t.me/filmHouseFile1bot?start=BQADAQADVgcAAh-4WEYAASK2sTqUOGYWBA,,,,,,,,,,,,,,,,,,,,,,,,,,,,,,,,,,,,,,,
Moana,277834-moana,movie,https://t.me/FilmHouseFilebot?start=BQADAQADXREAAi85WUccXzLJvtRz_RYE,,,,,,,,,,,,,,,,,,,,,,,,,,,,,,,,,,,,,,,
Molly Moon and the Incredible Book of Hypnotism,350505-molly-moon-and-the-incredible-book-of-hypnotism,movie,https://t.me/filmHouseFile1bot?start=BQADAQADYQkAAh-4SEYj_T4jnJTomxYE,,,,,,,,,,,,,,,,,,,,,,,,,,,,,,,,,,,,,,,
Momiwa,1451853-momiwa,movie,https://t.me/FilmHouseFilebot?start=BQADAQADMxAAAh50AAFGoU3-YMGF8csWBA,,,,,,,,,,,,,,,,,,,,,,,,,,,,,,,,,,,,,,,
Money Heist,71446-la-casa-de-papel,tv,https://t.me/FilmHouseFilebot?start=BQADAQADkwYAAnSQ2EUwyUjRFLiSLhYE,https://t.me/FilmHouseFilebot?start=BQADAQADmQYAAnSQ2EVEfyRL4hpBmhYE,https://t.me/FilmHouseFilebot?start=BQADAQADngYAAnSQ2EWulvQNw9bKBRYE,https://t.me/FilmHouseFilebot?start=BQADAQADowYAAnSQ2EVIAcOnRKTIzRYE,https://t.me/FilmHouseFilebot?start=BQADAQADpAYAAnSQ2EWYYh6NtaWodRYE,,,,,,,,,,,,,,,,,,,,,,,,,,,,,,,,,,,
Money Shot: The Pornhub Story,1087040-money-shot-the-pornhub-story,movie,https://t.me/filmHouseFile1bot?start=BQADAQAD2yAAAh-4UEZfgWkLGw9_FhYE,,,,,,,,,,,,,,,,,,,,,,,,,,,,,,,,,,,,,,,
Moon Knight,92749-moon-knight,tv,https://t.me/FilmHouseFilebot?start=BQADAQADiRYAArFaIUYeBE8fPZwG1hYE,,,,,,,,,,,,,,,,,,,,,,,,,,,,,,,,,,,,,,,
Moon Maidens,1210239-moon-maidens,movie,https://t.me/filmHouseFile1bot?start=BQADAQADTBEAAq-EQEbF7SC2hnyWlxYE,,,,,,,,,,,,,,,,,,,,,,,,,,,,,,,,,,,,,,,
Mooned,1207417-mooned,movie,https://t.me/filmHouseFile1bot?start=BQADAQADZgcAAh-4WEa0Ka0dlQwzwBYE,,,,,,,,,,,,,,,,,,,,,,,,,,,,,,,,,,,,,,,
Mortal Kombat,460465-mortal-kombat,movie,https://t.me/filmHouseFile1bot?start=BQADAQADoA8AAmjCeUaKaNdTMmIYEBYE,,,,,,,,,,,,,,,,,,,,,,,,,,,,,,,,,,,,,,,
Mortal Kombat II,931285-mortal-kombat-ii,movie,https://t.me/filmHouseFile1bot?start=BQADAQADpQ8AAmjCeUbzN5QD1I7D7hYE,,,,,,,,,,,,,,,,,,,,,,,,,,,,,,,,,,,,,,,
Mower Minions,403052-mower-minions,movie,https://t.me/filmHouseFile1bot?start=BQADAQADagcAAh-4WEbak7zJ7Qg8cRYE,,,,,,,,,,,,,,,,,,,,,,,,,,,,,,,,,,,,,,,
Moxie,583689-moxie,movie,https://t.me/filmHouseFile1bot?start=BQADAQADtiAAAh-4UEZuQpuvLIFTLRYE,,,,,,,,,,,,,,,,,,,,,,,,,,,,,,,,,,,,,,,
Mr. & Mrs. Smith,787-mr-mrs-smith,movie,https://t.me/filmHouseFile1bot?start=BQADAQADsx4AAh-4UEb4Sro4F5ZjThYE,,,,,,,,,,,,,,,,,,,,,,,,,,,,,,,,,,,,,,,
Mr. Deeds,2022-mr-deeds,movie,https://t.me/filmHouseFile1bot?start=BQADAQADrQ8AAmjCeUbAM3UXk7TethYE,,,,,,,,,,,,,,,,,,,,,,,,,,,,,,,,,,,,,,,
Ms. Marvel,92782-ms-marvel,tv,https://t.me/FilmHouseFilebot?start=BQADAQADbhYAArFaIUbnws6aiwH5KRYE,,,,,,,,,,,,,,,,,,,,,,,,,,,,,,,,,,,,,,,
Mufasa: The Lion King,762509-mufasa-the-lion-king,movie,[object Object],,,,,,,,,,,,,,,,,,,,,,,,,,,,,,,,,,,,,,,
Mushoku Tensei: Jobless Reincarnation,94664,tv,https://t.me/FilmHouseFilebot?start=BQADAQADZRIAAghnMUbGeV07jcPdvxYE,https://t.me/FilmHouseFilebot?start=BQADAQADgBIAAghnMUbf0H2riDQ8kRYE,https://t.me/FilmHouseFilebot?start=BQADAQADlBIAAghnMUYX-Qo9294UjhYE,,,,,,,,,,,,,,,,,,,,,,,,,,,,,,,,,,,,,
My Adventures with Superman,125928-my-adventures-with-superman,tv,https://t.me/FilmHouseFilebot?start=BQADAQADIAQAAvTpGUd0FCBLBdd3YRYE,,,,,,,,,,,,,,,,,,,,,,,,,,,,,,,,,,,,,,,
My Blood,1018288-obara-m,movie,https://t.me/FilmHouseFilebot?start=BQADAQADyg8AAh50AAFGbBJNrckEqK4WBA,,,,,,,,,,,,,,,,,,,,,,,,,,,,,,,,,,,,,,,
My Daemon,211051-my-daemon,tv,https://t.me/FilmHouseFilebot?start=BQADAQAD1BIAAghnMUa_-Ii1GCZFZxYE,,,,,,,,,,,,,,,,,,,,,,,,,,,,,,,,,,,,,,,
My Hero Academia,65930,tv,https://t.me/FilmHouseFilebot?start=BQADAQAD1RkAArFaKUbLvHfvgajRRxYE,https://t.me/FilmHouseFilebot?start=BQADAQADvhkAArFaKUb-77rUmVua2BYE,https://t.me/FilmHouseFilebot?start=BQADAQADlxkAArFaKUZ5LMeGvh8zvxYE,https://t.me/FilmHouseFilebot?start=BQADAQADkhkAArFaKUZQtL11YFCaQRYE,https://t.me/FilmHouseFilebot?start=BQADAQADjRkAArFaKUZ8XJO_G6vcNhYE,https://t.me/FilmHouseFilebot?start=BQADAQADdxkAArFaKUYXNuXLnz5JsxYE,https://t.me/FilmHouseFilebot?start=BQADAQADbRkAArFaKUZL4WNoGJG_JRYE,,,,,,,,,,,,,,,,,,,,,,,,,,,,,,,,,
My Hero Academia: Heroes Rising,592350-the-movie,movie,https://t.me/FilmHouseFilebot?start=BQADAQADJxkAArFaKUYUSC5jbU31DBYE,,,,,,,,,,,,,,,,,,,,,,,,,,,,,,,,,,,,,,,
My Hero Academia: Two Heroes,505262-the-movie-2,movie,https://t.me/FilmHouseFilebot?start=BQADAQADFBkAArFaKUZa_YKYAAGaWMAWBA,,,,,,,,,,,,,,,,,,,,,,,,,,,,,,,,,,,,,,,
My Hero Academia: Vigilantes,280110-illegals,tv,https://t.me/FilmHouseFilebot?start=BQADAQADChoAArFaKUZb5cqpBSVQyRYE,https://t.me/FilmHouseFilebot?start=BQADAQADExoAArFaKUbG7h_3Nu4rxxYE,,,,,,,,,,,,,,,,,,,,,,,,,,,,,,,,,,,,,,
My Hero Academia: World Heroes' Mission,768744-the-movie,movie,https://t.me/FilmHouseFilebot?start=BQADAQADLxkAArFaKUaXSs1sR1J4GhYE,,,,,,,,,,,,,,,,,,,,,,,,,,,,,,,,,,,,,,,
My Instant Death Ability Is Overpowered,236144,tv,https://t.me/FilmHouseFilebot?start=BQADAQADDRQAArFaKUb0Zf3svkAS-xYE,,,,,,,,,,,,,,,,,,,,,,,,,,,,,,,,,,,,,,,
My Love Story!!,62565,tv,https://t.me/FilmHouseFilebot?start=BQADAQADHxIAAghnMUYP17rOX0c7DBYE,,,,,,,,,,,,,,,,,,,,,,,,,,,,,,,,,,,,,,,
Naked Weapon,10855,movie,https://t.me/filmHouseFile1bot?start=BQADAQADew8AAq-EQEba5saOLd2XnBYE,,,,,,,,,,,,,,,,,,,,,,,,,,,,,,,,,,,,,,,
Nanny Cam,314996-nanny-cam,movie,https://t.me/filmHouseFile1bot?start=BQADAQADGB4AAq-ESEacbCLWqVqtpBYE,,,,,,,,,,,,,,,,,,,,,,,,,,,,,,,,,,,,,,,
Ne Zha,615453-ne-zha,movie,https://t.me/filmHouseFile1bot?start=BQADAQADlR4AAh-4UEZWo3FK1PTBURYE,,,,,,,,,,,,,,,,,,,,,,,,,,,,,,,,,,,,,,,
Ne Zha 2,980477-ne-zha-2,movie,https://t.me/filmHouseFile1bot?start=BQADAQADlh4AAh-4UEbTpehfcUuSYhYE,,,,,,,,,,,,,,,,,,,,,,,,,,,,,,,,,,,,,,,
Need for Speed,136797-need-for-speed,movie,https://t.me/filmHouseFile1bot?start=BQADAQADXx8AAh-4UEb7fTsF5sSl5hYE,,,,,,,,,,,,,,,,,,,,,,,,,,,,,,,,,,,,,,,
Neighbors,195589-neighbors,movie,https://t.me/filmHouseFile1bot?start=BQADAQADUQkAAh-4SEb2BwyQqFN1OBYE,,,,,,,,,,,,,,,,,,,,,,,,,,,,,,,,,,,,,,,
Neighbors 2: Sorority Rising,325133-neighbors-2-sorority-rising,movie,https://t.me/filmHouseFile1bot?start=BQADAQADXAkAAh-4SEZM_y6IM804LBYE,,,,,,,,,,,,,,,,,,,,,,,,,,,,,,,,,,,,,,,
Never Been Chris'd,1180663-never-been-chris-d,movie,https://t.me/filmHouseFile1bot?start=BQADAQADGR4AAq-ESEaWM0GjoV-noxYE,,,,,,,,,,,,,,,,,,,,,,,,,,,,,,,,,,,,,,,
Never Have I Ever,100883-never-have-i-ever,tv,https://t.me/FilmHouseFilebot?start=BQADAQADQQ4AAlvUGUTufAd7AizbjRYE,https://t.me/FilmHouseFilebot?start=BQADAQADQg4AAlvUGUS2OSHi7KYxRxYE,https://t.me/FilmHouseFilebot?start=BQADAQADTg4AAlvUGUR3d-vSCJIC4hYE,https://t.me/FilmHouseFilebot?start=BQADAQADUA4AAlvUGUT-dDwPAVAbnhYE,,,,,,,,,,,,,,,,,,,,,,,,,,,,,,,,,,,,
New Gods: Yang Jian,844075-new-gods-yang-jian,movie,https://t.me/filmHouseFile1bot?start=BQADAQADcR8AAh-4UEbtFR2FV04OchYE,,,,,,,,,,,,,,,,,,,,,,,,,,,,,,,,,,,,,,,
"Nicky, Ricky, Dicky & Dawn",61854-nicky-ricky-dicky-dawn,tv,https://t.me/+cJUgTGPMeXoyM2Nk,,,,,,,,,,,,,,,,,,,,,,,,,,,,,,,,,,,,,,,
Ningen Fushin: Adventurers Who Don't Believe in Humanity Will Save the World,131366,tv,https://t.me/FilmHouseFilebot?start=BQADAQAD_xYAArFaKUYLT96GPO-l4RYE,,,,,,,,,,,,,,,,,,,,,,,,,,,,,,,,,,,,,,,
Ninja Kamui,202284-ninja-kamui,tv,https://t.me/FilmHouseFilebot?start=BQADAQADGA8AAh-4UEZ_AWCyJYsa9hYE,,,,,,,,,,,,,,,,,,,,,,,,,,,,,,,,,,,,,,,
No Hard Feelings,884605-no-hard-feelings,movie,https://t.me/filmHouseFile1bot?start=BQADAQADuSAAAh-4UEacN1T_3A6IvxYE,,,,,,,,,,,,,,,,,,,,,,,,,,,,,,,,,,,,,,,
Nobody's Fool,514619-nobody-s-fool,movie,https://t.me/filmHouseFile1bot?start=BQADAQADCx8AAh-4UEZJ6EFDtMaN-RYE,,,,,,,,,,,,,,,,,,,,,,,,,,,,,,,,,,,,,,,
Not Another Teen Movie,11397-not-another-teen-movie,movie,https://t.me/FilmHouseFilebot?start=BQADAQADUQUAAkADiEVYmmPF7tfjUhYE,,,,,,,,,,,,,,,,,,,,,,,,,,,,,,,,,,,,,,,
Now You See Me,75656-now-you-see-me,movie,https://t.me/filmHouseFile1bot?start=BQADAQADjQkAAmjCcUYXVtrBmUqu0hYE,,,,,,,,,,,,,,,,,,,,,,,,,,,,,,,,,,,,,,,
Now You See Me 2,291805-now-you-see-me-2,movie,https://t.me/filmHouseFile1bot?start=BQADAQADEhUAAp6faUbBdqVgEn1_dhYE,,,,,,,,,,,,,,,,,,,,,,,,,,,,,,,,,,,,,,,
Now You See Me: Now You Don't,425274-now-you-see-me-now-you-don-t,movie,https://t.me/filmHouseFile1bot?start=BQADAQADFhUAAp6faUbnecuEl1xppRYE,,,,,,,,,,,,,,,,,,,,,,,,,,,,,,,,,,,,,,,
Nymphomaniac: Vol. I,258216-nymphomaniac-vol-i,movie,https://t.me/filmHouseFile1bot?start=BQADAQADixAAAq-EQEYr6PCUhNnB8RYE,,,,,,,,,,,,,,,,,,,,,,,,,,,,,,,,,,,,,,,
Oblivion,75612-oblivion,movie,https://t.me/filmHouseFile1bot?start=BQADAQADwyAAAh-4UEYi3S9DjEFofxYE,,,,,,,,,,,,,,,,,,,,,,,,,,,,,,,,,,,,,,,
Ocean's Eight,402900-ocean-s-eight,movie,https://t.me/filmHouseFile1bot?start=BQADAQADxCAAAh-4UEYa976tFhWVqhYE,,,,,,,,,,,,,,,,,,,,,,,,,,,,,,,,,,,,,,,
Old,631843-old,movie,https://t.me/filmHouseFile1bot?start=BQADAQADLgcAAh-4WEZaGIuXTs41wBYE,,,,,,,,,,,,,,,,,,,,,,,,,,,,,,,,,,,,,,,
Oliver Twist,257-oliver-twist,movie,https://t.me/filmHouseFile1bot?start=BQADAQADBSAAAh-4UEYRGsCwSWLoWRYE,,,,,,,,,,,,,,,,,,,,,,,,,,,,,,,,,,,,,,,
Olóládé,240196-ololade,tv,https://t.me/FilmHouseFilebot?start=BQADAQADXg4AAh50AAFG5HP84btovJIWBA,,,,,,,,,,,,,,,,,,,,,,,,,,,,,,,,,,,,,,,
On My Block,76747-on-my-block,tv,https://t.me/FilmHouseFilebot?start=BQADAQADigYAAux2OUS4mEVdc69h0xYE,https://t.me/FilmHouseFilebot?start=BQADAQADjgYAAux2OUQpY_gdqQ2kixYE,https://t.me/FilmHouseFilebot?start=BQADAQADkQYAAux2OURaK7HQVju5ahYE,https://t.me/FilmHouseFilebot?start=BQADAQADlAYAAux2OUQSRcQaAAH2oecWBA,,,,,,,,,,,,,,,,,,,,,,,,,,,,,,,,,,,,
On the edge,1724859-on-the-edge,movie,https://t.me/FilmHouseFilebot?start=BQADAQADZBYAAghnMUYh28Hu3Msh1xYE,,,,,,,,,,,,,,,,,,,,,,,,,,,,,,,,,,,,,,,
One of Us Is Lying,118958-one-of-us-is-lying,tv,https://t.me/FilmHouseFilebot?start=BQADAQADEAUAAvt7aEbRZVt48aaq8BYE,https://t.me/FilmHouseFilebot?start=BQADAQADEgUAAvt7aEYpShgc2PiFcRYE,,,,,,,,,,,,,,,,,,,,,,,,,,,,,,,,,,,,,,
One Spoon of Chocolate (2026),1290792-one-spoon-of-chocolate,movie,https://t.me/filmHouseFile1bot?start=BQADAQAD9A4AAq-EQEa_Pe9yfD9voRYE,,,,,,,,,,,,,,,,,,,,,,,,,,,,,,,,,,,,,,,
One-Punch Man,63926-one-punch-man,tv,https://t.me/filmHouseFile1bot?start=BQADAQADEREAAh-4UEZ5_E9Wr4I9NhYE,https://t.me/filmHouseFile1bot?start=BQADAQADGBEAAh-4UEaTL47PwaC9ihYE,,,,,,,,,,,,,,,,,,,,,,,,,,,,,,,,,,,,,,
Onimusha,210945-onimusha,tv,https://t.me/filmHouseFile1bot?start=BQADAQAD-hAAAh-4UEaSJ4jLyrouvxYE,,,,,,,,,,,,,,,,,,,,,,,,,,,,,,,,,,,,,,,
Onward,508439-onward,movie,https://t.me/filmHouseFile1bot?start=BQADAQADyB0AAq-ESEY-O9U-HCEpihYE,,,,,,,,,,,,,,,,,,,,,,,,,,,,,,,,,,,,,,,
Opposite Day,55638-opposite-day,movie,https://t.me/filmHouseFile1bot?start=BQADAQAD7CAAAh-4UEZUwJe-frIeyhYE,,,,,,,,,,,,,,,,,,,,,,,,,,,,,,,,,,,,,,,
Orientation Day,54559-orientation-day,movie,https://t.me/filmHouseFile1bot?start=BQADAQADawcAAh-4WEYy9ikY5mVloxYE,,,,,,,,,,,,,,,,,,,,,,,,,,,,,,,,,,,,,,,
Overcomer,527776-overcomer,movie,https://t.me/filmHouseFile1bot?start=BQADAQADnB8AAh-4UEbzfiPSKxlpZBYE,,,,,,,,,,,,,,,,,,,,,,,,,,,,,,,,,,,,,,,
Palava!,1060526-palava,movie,https://t.me/FilmHouseFilebot?start=BQADAQADzQ4AAh50AAFGhwg6rIzm4IMWBA,,,,,,,,,,,,,,,,,,,,,,,,,,,,,,,,,,,,,,,
Panic in the Mailroom,229405-panic-in-the-mailroom,movie,https://t.me/filmHouseFile1bot?start=BQADAQADbQcAAh-4WEZumtE6JXEqPhYE,,,,,,,,,,,,,,,,,,,,,,,,,,,,,,,,,,,,,,,
Parasite,496243-parasite,movie,https://t.me/filmHouseFile1bot?start=BQADAQADxiAAAh-4UEaP6x86rOl9rhYE,,,,,,,,,,,,,,,,,,,,,,,,,,,,,,,,,,,,,,,
Parasyte -the maxim-,61459-parasyte-the-maxim,tv,https://t.me/filmHouseFile1bot?start=BQADAQADmQ8AAh-4UEbbDoyR_YJUpBYE,,,,,,,,,,,,,,,,,,,,,,,,,,,,,,,,,,,,,,,
Passport,1019807-passport,movie,https://t.me/FilmHouseFilebot?start=BQADAQAD1w8AAh50AAFG9LfJhq79qngWBA,,,,,,,,,,,,,,,,,,,,,,,,,,,,,,,,,,,,,,,
Patriots Day,388399-patriots-day,movie,https://t.me/filmHouseFile1bot?start=BQADAQADoh8AAh-4UEZ8h4KLPVqNlhYE,,,,,,,,,,,,,,,,,,,,,,,,,,,,,,,,,,,,,,,
Perfect Addiction,845659-perfect-addiction,movie,https://t.me/filmHouseFile1bot?start=BQADAQADrB8AAh-4UEaeSqplR_ZlVBYE,,,,,,,,,,,,,,,,,,,,,,,,,,,,,,,,,,,,,,,
Peter's To-Do List,758025-peter-s-to-do-list,movie,https://t.me/FilmHouseFilebot?start=BQADAQAD2hsAArFaKUZmGdh7zuY0vxYE,,,,,,,,,,,,,,,,,,,,,,,,,,,,,,,,,,,,,,,
Phineas and Ferb,1877-phineas-and-ferb,tv,https://t.me/+cJUgTGPMeXoyM2Nk,https://t.me/+cJUgTGPMeXoyM2Nk,https://t.me/+cJUgTGPMeXoyM2Nk,https://t.me/+cJUgTGPMeXoyM2Nk,,,,,,,,,,,,,,,,,,,,,,,,,,,,,,,,,,,,
Phineas and Ferb The Movie: Across the 2nd Dimension,71689-phineas-and-ferb-the-movie-across-the-2nd-dimension,movie,https://t.me/+cJUgTGPMeXoyM2Nk,,,,,,,,,,,,,,,,,,,,,,,,,,,,,,,,,,,,,,,
Phineas and Ferb the Movie: Candace Against the Universe,594328-phineas-and-ferb-the-movie-candace-against-the-universe,movie,https://t.me/+cJUgTGPMeXoyM2Nk,,,,,,,,,,,,,,,,,,,,,,,,,,,,,,,,,,,,,,,
Phineas and Ferb: Mission Marvel,284019-phineas-and-ferb-mission-marvel,movie,https://t.me/filmHouseFile1bot?start=BQADAQADXRMAAmjCeUaNBL3CQbzfYhYE,,,,,,,,,,,,,,,,,,,,,,,,,,,,,,,,,,,,,,,
Pinecone,1663234-pinecone,movie,https://t.me/filmHouseFile1bot?start=BQADAQADXBcAAq-EQEaiATVjL6s9MxYE,,,,,,,,,,,,,,,,,,,,,,,,,,,,,,,,,,,,,,,
Pixels,257344-pixels,movie,https://t.me/filmHouseFile1bot?start=BQADAQADbAkAAh-4SEbEut2X_pzAPxYE,,,,,,,,,,,,,,,,,,,,,,,,,,,,,,,,,,,,,,,
Pizza Movie,1493859-pizza-movie,movie,https://t.me/filmHouseFile1bot?start=BQADAQAEEAACaMJ5RrIHK8rHSqJ1FgQ,,,,,,,,,,,,,,,,,,,,,,,,,,,,,,,,,,,,,,,
Planet Hulk,30675-planet-hulk,movie,[object Object],,,,,,,,,,,,,,,,,,,,,,,,,,,,,,,,,,,,,,,
Pluribus,225171-pluribus,tv,https://t.me/filmHouseFile1bot?start=BQADAQADARUAAp6faUZL5zcbpCW4chYE,,,,,,,,,,,,,,,,,,,,,,,,,,,,,,,,,,,,,,,
PLUTO,91997-pluto,tv,https://t.me/FilmHouseFilebot?start=BQADAQAD0xcAArFaKUYu022_JaJHtRYE,,,,,,,,,,,,,,,,,,,,,,,,,,,,,,,,,,,,,,,
Polite Society,977223-polite-society,movie,https://t.me/filmHouseFile1bot?start=BQADAQADLwcAAh-4WEZuo4LSiZOkPBYE,,,,,,,,,,,,,,,,,,,,,,,,,,,,,,,,,,,,,,,
Prison School,64706-kangoku-gakuen,tv,https://t.me/FilmHouseFilebot?start=BQADAQAD1RMAArFaKUaMFW9tAAE7V-4WBA,,,,,,,,,,,,,,,,,,,,,,,,,,,,,,,,,,,,,,,
Private Tutor,1325218-private-tutor,movie,https://t.me/filmHouseFile1bot?start=BQADAQADgREAAq-EQEZ3heOWk1ryxhYE,,,,,,,,,,,,,,,,,,,,,,,,,,,,,,,,,,,,,,,
Puppy,229407-puppy,movie,https://t.me/filmHouseFile1bot?start=BQADAQADhAcAAh-4WEZC4OnOUKgK_BYE,,,,,,,,,,,,,,,,,,,,,,,,,,,,,,,,,,,,,,,
Queen Charlotte: A Bridgerton Story,196454-queen-charlotte-a-bridgerton-story,tv,https://t.me/FilmHouseFilebot?start=BQADAQADxAoAApMnOEb6IcFyjGyPQBYE,,,,,,,,,,,,,,,,,,,,,,,,,,,,,,,,,,,,,,,
Rags,110490-rags,movie,https://t.me/filmHouseFile1bot?start=BQADAQADrh8AAh-4UEb10Yt6HND_XRYE,,,,,,,,,,,,,,,,,,,,,,,,,,,,,,,,,,,,,,,
Rancor,1723707-rancor,movie,https://t.me/FilmHouseFilebot?start=BQADAQADzRoAArFaKUZmL4oY0AABxB8WBA,,,,,,,,,,,,,,,,,,,,,,,,,,,,,,,,,,,,,,,
Rascal Does Not Dream of a Dreaming Girl,572154,movie,https://t.me/FilmHouseFilebot?start=BQADAQADlxMAArFaKUaESATQvo3EshYE,,,,,,,,,,,,,,,,,,,,,,,,,,,,,,,,,,,,,,,
Re:ZERO -Starting Life in Another World-,65942-re,tv,https://t.me/FilmHouseFilebot?start=BQADAQAD5xsAArFaKUYCmM0OjuEHaxYE,https://t.me/FilmHouseFilebot?start=BQADAQADARwAArFaKUZYlM8Vy_CyIRYE,,,,,,,,,,,,,,,,,,,,,,,,,,,,,,,,,,,,,,
Red One,845781-red-one,movie,https://t.me/filmHouseFile1bot?start=BQADAQADmx4AAh-4UEbBolKNOaIHBxYE,,,,,,,,,,,,,,,,,,,,,,,,,,,,,,,,,,,,,,,
Rick and Morty,60625-rick-and-morty,tv,https://t.me/FilmHouseFilebot?start=BQADBAAD9w8AAhnFwFH0gqSh8REx3xYE,https://t.me/FilmHouseFilebot?start=BQADBAAD-A8AAhnFwFHIgxwMRy8btBYE,https://t.me/FilmHouseFilebot?start=BQADBAAD-g8AAhnFwFHmMf96rzhPbRYE,https://t.me/FilmHouseFilebot?start=BQADBAAD_Q8AAhnFwFF88_q-O40c7RYE,https://t.me/FilmHouseFilebot?start=BQADBAADAhAAAhnFwFFA7w_VlATwaBYE,https://t.me/FilmHouseFilebot?start=BQADBAADAxAAAhnFwFGY-l92ojf5iRYE,https://t.me/FilmHouseFilebot?start=BQADAQAD5wQAAvt7aEaSYFc0Gl696RYE,https://t.me/filmHouseFile1bot?start=BQADAQADhB4AAh-4UEasqAoVylNiFRYE,,,,,,,,,,,,,,,,,,,,,,,,,,,,,,,,
Roald Dahl's Matilda the Musical,668482-roald-dahl-s-matilda-the-musical,movie,https://t.me/FilmHouseFilebot?start=BQADAQADlBgAAkKtqEWQXpa_OLpzCxYE,https://t.me/FilmHouseFilebot?start=BQADAQADkhgAAkKtqEWKm9BwbWP5OhYE,,,,,,,,,,,,,,,,,,,,,,,,,,,,,,,,,,,,,,
Ronaldo,361931-ronaldo,movie,https://t.me/filmHouseFile1bot?start=BQADAQADURAAAmjCeUZ2K3SnmqoHmxYE,,,,,,,,,,,,,,,,,,,,,,,,,,,,,,,,,,,,,,,
Ronaldo vs. Messi: Face Off!,525875-ronaldo-vs-messi-face-off,movie,https://t.me/filmHouseFile1bot?start=BQADAQADUxAAAmjCeUZchJC9-DXeiRYE,,,,,,,,,,,,,,,,,,,,,,,,,,,,,,,,,,,,,,,
Royalteen: Princess Margrethe,1079078-royalteen-princess-margrethe,movie,https://t.me/filmHouseFile1bot?start=BQADAQAD_CAAAh-4UEbs7zRNrZ8DRRYE,,,,,,,,,,,,,,,,,,,,,,,,,,,,,,,,,,,,,,,
Sabel Is Still Young,1045794-bata-pa-si-sabel,movie,https://t.me/filmHouseFile1bot?start=BQADAQADfA8AAq-EQEbibX641OQGRRYE,,,,,,,,,,,,,,,,,,,,,,,,,,,,,,,,,,,,,,,
SAFE,1725286-safe,movie,https://t.me/filmHouseFile1bot?start=BQADAQADowgAAq-EQEZRVAWyr49NihYE,,,,,,,,,,,,,,,,,,,,,,,,,,,,,,,,,,,,,,,
Sam & Cat,45666-sam-cat,tv,https://t.me/+cJUgTGPMeXoyM2Nk,,,,,,,,,,,,,,,,,,,,,,,,,,,,,,,,,,,,,,,
Sanjay and Craig,61520-sanjay-and-craig,tv,https://t.me/filmHouseFile1bot?start=BQADAQADRBwAAq-ESEZVNn57us0ehBYE,https://t.me/filmHouseFile1bot?start=BQADAQADSRwAAq-ESEYNQ2_MdHhk7xYE,https://t.me/filmHouseFile1bot?start=BQADAQADShwAAq-ESEazTWDz80S8qhYE,,,,,,,,,,,,,,,,,,,,,,,,,,,,,,,,,,,,,
Santa's Little Helpers,579524-santa-s-little-helpers,movie,https://t.me/filmHouseFile1bot?start=BQADAQADbwcAAh-4WEaHo_Sbk7857RYE,,,,,,,,,,,,,,,,,,,,,,,,,,,,,,,,,,,,,,,
Sausage Party,223702-sausage-party,movie,https://t.me/FilmHouseFilebot?start=BQADAQADQhEAAo_EuUUvvYag8155nhYE,,,,,,,,,,,,,,,,,,,,,,,,,,,,,,,,,,,,,,,
Sausage Party: Foodtopia,213249-sausage-party-foodtopia,tv,https://t.me/FilmHouseFilebot?start=BQADAQADPBEAAo_EuUVz3OSSMMhTEBYE,https://t.me/FilmHouseFilebot?start=BQADAQADPhEAAo_EuUWcIw7AQ0fZDBYE,,,,,,,,,,,,,,,,,,,,,,,,,,,,,,,,,,,,,,
Scary Movie,4247-scary-movie,movie,https://t.me/filmHouseFile1bot?start=BQADAQADfwcAAh-4WEYy8dTE6mZL9BYE,,,,,,,,,,,,,,,,,,,,,,,,,,,,,,,,,,,,,,,
Scary Movie,1273221-scary-movie,movie,https://t.me/FilmHouseFilebot?start=BQADAQADUw8AAghnOUYszDtlTY4wZBYE,,,,,,,,,,,,,,,,,,,,,,,,,,,,,,,,,,,,,,,
Scary Movie 2,4248-scary-movie-2,movie,https://t.me/filmHouseFile1bot?start=BQADAQADcwcAAh-4WEbrX_X_5kY72xYE,,,,,,,,,,,,,,,,,,,,,,,,,,,,,,,,,,,,,,,
Scary Movie 3,4256-scary-movie-3,movie,https://t.me/filmHouseFile1bot?start=BQADAQADdQcAAh-4WEbGPzB6KBrPpxYE,,,,,,,,,,,,,,,,,,,,,,,,,,,,,,,,,,,,,,,
Scary Movie 4,4257-scary-movie-4,movie,https://t.me/filmHouseFile1bot?start=BQADAQADeAcAAh-4WEbq_Pjsw7F1RxYE,,,,,,,,,,,,,,,,,,,,,,,,,,,,,,,,,,,,,,,
Scary Movie 5,4258-scary-movie-5,movie,https://t.me/filmHouseFile1bot?start=BQADAQADeQcAAh-4WEaniY4_tns8sBYE,,,,,,,,,,,,,,,,,,,,,,,,,,,,,,,,,,,,,,,
Scary Stories to Tell in the Dark,417384-scary-stories-to-tell-in-the-dark,movie,https://t.me/filmHouseFile1bot?start=BQADAQADsR8AAh-4UEbiHMhFvrMMpBYE,,,,,,,,,,,,,,,,,,,,,,,,,,,,,,,,,,,,,,,
Scavengers Reign,204154-scavengers-reign,tv,https://t.me/filmHouseFile1bot?start=BQADAQAD4xAAAh-4UEZHJ79wBHAjfRYE,,,,,,,,,,,,,,,,,,,,,,,,,,,,,,,,,,,,,,,
Scott Pilgrim Takes Off,155292-scott-pilgrim-takes-off,tv,https://t.me/filmHouseFile1bot?start=BQADAQADzBAAAh-4UEZ7Ea58EJMEGhYE,,,,,,,,,,,,,,,,,,,,,,,,,,,,,,,,,,,,,,,
Secret Campus,230691-secret-campus,tv,https://t.me/filmHouseFile1bot?start=BQADAQADlhAAAq-EQEZ-nk7SWrP_jRYE,,,,,,,,,,,,,,,,,,,,,,,,,,,,,,,,,,,,,,,
Secret Invasion,114472-secret-invasion,tv,https://t.me/FilmHouseFilebot?start=BQADAQADdRUAArFaIUYoRWTjq0PD1hYE,,,,,,,,,,,,,,,,,,,,,,,,,,,,,,,,,,,,,,,
Seed of Chucky,11249-seed-of-chucky,movie,https://t.me/FilmHouseFilebot?start=BQADAQADEQMAAgJtwEThETsvFD8HDRYE,,,,,,,,,,,,,,,,,,,,,,,,,,,,,,,,,,,,,,,
Sex Drive,13523-sex-drive,movie,https://t.me/filmHouseFile1bot?start=BQADAQADfwkAAh-4SEbP65hte4ry8xYE,,,,,,,,,,,,,,,,,,,,,,,,,,,,,,,,,,,,,,,
Sex/Life,126280-sex-life,tv,https://t.me/filmHouseFile1bot?start=BQADAQADtA8AAq-EQEb340OhmwSwcBYE,https://t.me/filmHouseFile1bot?start=BQADAQADuA8AAq-EQEZElFa1rZwGvBYE,,,,,,,,,,,,,,,,,,,,,,,,,,,,,,,,,,,,,,
Sexual Temptations,240263-sexual-temptations,movie,https://t.me/filmHouseFile1bot?start=BQADAQADhBAAAq-EQEbbF4zwBdkhJBYE,,,,,,,,,,,,,,,,,,,,,,,,,,,,,,,,,,,,,,,
Shang-Chi and the Legend of the Ten Rings,566525-shang-chi-and-the-legend-of-the-ten-rings,movie,https://t.me/FilmHouseFilebot?start=BQADAQADThsAArFaKUaYxiIQZWNi3xYE,,,,,,,,,,,,,,,,,,,,,,,,,,,,,,,,,,,,,,,
Shanty Town,217460-shanty-town,tv,https://t.me/filmHouseFile1bot?start=BQADAQADcRkAAq-EQEba-ih3oZZpxxYE,,,,,,,,,,,,,,,,,,,,,,,,,,,,,,,,,,,,,,,
She-Hulk: Attorney at Law,92783-she-hulk-attorney-at-law,tv,https://t.me/FilmHouseFilebot?start=BQADAQADIBYAArFaIUam_L4mKuCYVxYE,,,,,,,,,,,,,,,,,,,,,,,,,,,,,,,,,,,,,,,
She's the Man,9655-she-s-the-man,movie,https://t.me/filmHouseFile1bot?start=BQADAQADvB8AAh-4UEZrP53lDNpCLRYE,,,,,,,,,,,,,,,,,,,,,,,,,,,,,,,,,,,,,,,
Shrek,808-shrek,movie,https://t.me/filmHouseFile1bot?start=BQADAQADQhsAAq-ESEbsSlCMKEfa1hYE,,,,,,,,,,,,,,,,,,,,,,,,,,,,,,,,,,,,,,,
Shrek 2,809-shrek-2,movie,https://t.me/filmHouseFile1bot?start=BQADAQAD1RsAAq-ESEZsrm4U6W8MBRYE,,,,,,,,,,,,,,,,,,,,,,,,,,,,,,,,,,,,,,,
Shrek Forever After,10192-shrek-forever-after,movie,https://t.me/filmHouseFile1bot?start=BQADAQAD8BsAAq-ESEYVouEbliUh-hYE,,,,,,,,,,,,,,,,,,,,,,,,,,,,,,,,,,,,,,,
Shrek the Third,810-shrek-the-third,movie,https://t.me/filmHouseFile1bot?start=BQADAQADFBwAAq-ESEZcw7eIqOsxkhYE,,,,,,,,,,,,,,,,,,,,,,,,,,,,,,,,,,,,,,,
Sick Nurses,45737,movie,https://t.me/filmHouseFile1bot?start=BQADAQADYBEAAq-EQEai1JqeeogcTRYE,,,,,,,,,,,,,,,,,,,,,,,,,,,,,,,,,,,,,,,
Single Not Searching,1023514-single-not-searching,movie,https://t.me/FilmHouseFilebot?start=BQADAQAD9w8AAh50AAFG_zb8gmkOcFgWBA,,,,,,,,,,,,,,,,,,,,,,,,,,,,,,,,,,,,,,,
Sistá,1134171-sista,movie,https://t.me/FilmHouseFilebot?start=BQADAQADqw8AAh50AAFG5y6Bdx3wNGQWBA,,,,,,,,,,,,,,,,,,,,,,,,,,,,,,,,,,,,,,,
Sister Death,955531-sister-death,movie,https://t.me/filmHouseFile1bot?start=BQADAQADGx4AAq-ESEb2OSajrvFRIhYE,,,,,,,,,,,,,,,,,,,,,,,,,,,,,,,,,,,,,,,
Solo Leveling,127532,tv,https://t.me/FilmHouseFilebot?start=BQADAQADBBQAAh50AAFG60PL568DVo0WBA,https://t.me/FilmHouseFilebot?start=BQADAQADHBQAAh50AAFGS-gWntktk_oWBA,,,,,,,,,,,,,,,,,,,,,,,,,,,,,,,,,,,,,,
Solo Mio,1291335-solo-mio,movie,https://t.me/filmHouseFile1bot?start=BQADAQADYxcAAq-EQEYQ30fhByYq0BYE,,,,,,,,,,,,,,,,,,,,,,,,,,,,,,,,,,,,,,,
Something the Lord Made,20544-something-the-lord-made,movie,https://t.me/filmHouseFile1bot?start=BQADAQADYxAAAmjCeUZGHIVUUIrZZhYE,,,,,,,,,,,,,,,,,,,,,,,,,,,,,,,,,,,,,,,
Sonic the Hedgehog 3,939243-sonic-the-hedgehog-3,movie,https://t.me/filmHouseFile1bot?start=BQADAQADqh4AAh-4UEbkznfF58lqthYE,,,,,,,,,,,,,,,,,,,,,,,,,,,,,,,,,,,,,,,
"South Park: Bigger, Longer & Uncut",9473-south-park-bigger-longer-uncut,movie,https://t.me/filmHouseFile1bot?start=BQADAQADnB0AAq-ESEZedi-nc7vOwhYE,,,,,,,,,,,,,,,,,,,,,,,,,,,,,,,,,,,,,,,
Spider-Man Unlimited,10079-spider-man-unlimited,tv,[object Object],,,,,,,,,,,,,,,,,,,,,,,,,,,,,,,,,,,,,,,
Spider-Man: Across the Spider-Verse,569094-spider-man-across-the-spider-verse,movie,https://t.me/FilmHouseFilebot?start=BQADAQADjRUAArFaIUZGiouhtPqz0hYE,https://t.me/FilmHouseFilebot?start=BQADAQADjhUAArFaIUbi5nXi8C0EWxYE,,,,,,,,,,,,,,,,,,,,,,,,,,,,,,,,,,,,,,
Spider-Man: Far From Home,429617-spider-man-far-from-home,movie,https://t.me/FilmHouseFilebot?start=BQADAQAD5hsAArFaKUbE47CDCId6NRYE,https://t.me/FilmHouseFilebot?start=BQADAQAD6RsAArFaKUagh4S-0dqVwRYE,,,,,,,,,,,,,,,,,,,,,,,,,,,,,,,,,,,,,,
Spider-Man: Homecoming,315635-spider-man-homecoming,movie,https://t.me/FilmHouseFilebot?start=BQADAQADfx4AArFaKUbpPo_LQFr88RYE,https://t.me/FilmHouseFilebot?start=BQADAQADgB4AArFaKUaJ0hGIP49y4RYE,,,,,,,,,,,,,,,,,,,,,,,,,,,,,,,,,,,,,,
Spider-Man: Into the Spider-Verse,324857-spider-man-into-the-spider-verse,movie,https://t.me/FilmHouseFilebot?start=BQADAQADYRwAArFaKUa3mv4YAjUwOhYE,,,,,,,,,,,,,,,,,,,,,,,,,,,,,,,,,,,,,,,
Spider-Man: No Way Home,634649-spider-man-no-way-home,movie,https://t.me/FilmHouseFilebot?start=BQADAQADARsAArFaKUbat1njP-f12hYE,,,,,,,,,,,,,,,,,,,,,,,,,,,,,,,,,,,,,,,
Spidey and His Amazing Friends,127635-spidey-and-his-amazing-friends,tv,https://t.me/FilmHouseFilebot?start=BQADAQADvBYAArFaIUYJQ5EjvKKUihYE,https://t.me/FilmHouseFilebot?start=BQADAQADvxYAArFaIUbhKIQBdgX3qxYE,https://t.me/FilmHouseFilebot?start=BQADAQADwhYAArFaIUabvS-WfI55NxYE,https://t.me/FilmHouseFilebot?start=BQADAQADxRYAArFaIUYNaT2k2FK42RYE,,,,,,,,,,,,,,,,,,,,,,,,,,,,,,,,,,,,
Spirited Away,129,movie,https://t.me/FilmHouseFilebot?start=BQADAQADGQkAAq-EQEYF-fVAelcapxYE,,,,,,,,,,,,,,,,,,,,,,,,,,,,,,,,,,,,,,,
Spud,61410-spud,movie,https://t.me/FilmHouseFilebot?start=BQADAQADLBAAAh50AAFGIuY13iBbHeEWBA,,,,,,,,,,,,,,,,,,,,,,,,,,,,,,,,,,,,,,,
Spud 2: The Madness Continues,200580-spud-2-the-madness-continues,movie,https://t.me/FilmHouseFilebot?start=BQADAQADLRAAAh50AAFG2Q8gXOayDtsWBA,,,,,,,,,,,,,,,,,,,,,,,,,,,,,,,,,,,,,,,
Spud 3: Learning to Fly,317953-spud-3-learning-to-fly,movie,https://t.me/FilmHouseFilebot?start=BQADAQADMBAAAh50AAFGAAEKTh5zlw8-FgQ,,,,,,,,,,,,,,,,,,,,,,,,,,,,,,,,,,,,,,,
SPY x FAMILY,120089-spy-x-family,tv,https://t.me/filmHouseFile1bot?start=BQADAQAD3BAAAh-4UEb_RhG7pPijuBYE,https://t.me/filmHouseFile1bot?start=BQADAQAD3hAAAh-4UEZn8MhO5Z1GJBYE,,,,,,,,,,,,,,,,,,,,,,,,,,,,,,,,,,,,,,
Squid Game,93405,tv,https://t.me/FilmHouseFilebot?start=BQADAQADuwQAAvSgAAFHCTig-vatfxcWBA,https://t.me/FilmHouseFilebot?start=BQADAQADaw8AAi-5cEd3p_kmt-9AjBYE,,,,,,,,,,,,,,,,,,,,,,,,,,,,,,,,,,,,,,
Squid Game: The Challenge,204082-squid-game-the-challenge,tv,https://t.me/+buByzJSLOUA0NWI0,,,,,,,,,,,,,,,,,,,,,,,,,,,,,,,,,,,,,,,
Submission,66389-submission,tv,https://t.me/filmHouseFile1bot?start=BQADAQAD2Q8AAq-EQEZyZXzn6ES0vRYE,,,,,,,,,,,,,,,,,,,,,,,,,,,,,,,,,,,,,,,
Suga Babies,896227-suga-babies,movie,https://t.me/filmHouseFile1bot?start=BQADAQADNRAAAq-EQEbsSKnLkYaBYE,,,,,,,,,,,,,,,,,,,,,,,,,,,,,,,,,,,,,,,
Sugar Baby,1196656-sugar-baby,movie,https://t.me/filmHouseFile1bot?start=BQADAQADPBEAAq-EQEYRtodl6_QRWhYE,,,,,,,,,,,,,,,,,,,,,,,,,,,,,,,,,,,,,,,
Suicide Squad,297761-suicide-squad,movie,https://t.me/filmHouseFile1bot?start=BQADAQADDiAAAh-4UEbIXUMPBCCCMRYE,,,,,,,,,,,,,,,,,,,,,,,,,,,,,,,,,,,,,,,
Suicide Squad Isekai,229926-suicide-squad-isekai,tv,https://t.me/FilmHouseFilebot?start=BQADAQADOhMAAghnMUZMKMfbOvCpmRYE,,,,,,,,,,,,,,,,,,,,,,,,,,,,,,,,,,,,,,,
Summer Time Rendering,117933,tv,https://t.me/FilmHouseFilebot?start=BQADAQAD2BYAArFaKUY0qkdjS9qU5xYE,,,,,,,,,,,,,,,,,,,,,,,,,,,,,,,,,,,,,,,
Supacell,158141-supacell,tv,https://t.me/FilmHouseFilebot?start=BQADAQADBg4AAgmjcEQUk4L6_ByBYE,,,,,,,,,,,,,,,,,,,,,,,,,,,,,,,,,,,,,,,
Superbad,8363-superbad,movie,https://t.me/filmHouseFile1bot?start=BQADAQADVwkAAh-4SEZTkypO_ZI6mhYE,,,,,,,,,,,,,,,,,,,,,,,,,,,,,,,,,,,,,,,
Superman,1061474-superman,movie,https://t.me/filmHouseFile1bot?start=BQADAQAD5h0AAq-ESEZdWMTd2Bn_vBYE,,,,,,,,,,,,,,,,,,,,,,,,,,,,,,,,,,,,,,,
Superstar,1724798-superstar,movie,https://t.me/FilmHouseFilebot?start=BQADAQAD_REAAghnMUb6oenIFwE9yxYE,,,,,,,,,,,,,,,,,,,,,,,,,,,,,,,,,,,,,,,
Swagger,94245-swagger,tv,https://t.me/FilmHouseFilebot?start=BQADAQADHgsAAgiQKESkamxs-RlbzBYE,https://t.me/FilmHouseFilebot?start=BQADAQADIAsAAgiQKERQ6-o_jR48pRYE,,,,,,,,,,,,,,,,,,,,,,,,,,,,,,,,,,,,,,
Tavvai (2026),1722860-tavvai,movie,https://t.me/filmHouseFile1bot?start=BQADAQAD4w4AAq-EQEb2A0irLUE8SBYE,,,,,,,,,,,,,,,,,,,,,,,,,,,,,,,,,,,,,,,
Tazmanian Devil,737396-tazmanian-devil,movie,https://t.me/filmHouseFile1bot?start=BQADAQADlxAAAghnOUavrcFnJxs7kxYE,,,,,,,,,,,,,,,,,,,,,,,,,,,,,,,,,,,,,,,
Team Darryl,505945-team-darryl,movie,https://t.me/FilmHouseFilebot?start=BQADAQADSBwAArFaKUaBCMS5g2NIeRYE,,,,,,,,,,,,,,,,,,,,,,,,,,,,,,,,,,,,,,,
Team Thor,413279-team-thor,movie,https://t.me/FilmHouseFilebot?start=BQADAQAD6h4AArFaKUaqtsD-9xkxQxYE,,,,,,,,,,,,,,,,,,,,,,,,,,,,,,,,,,,,,,,
Team Thor: Part 2,441829-team-thor-part-2,movie,https://t.me/FilmHouseFilebot?start=BQADAQADJR0AArFaKUbpvwahlE-4OBYE,,,,,,,,,,,,,,,,,,,,,,,,,,,,,,,,,,,,,,,
Tejiri,1725297-tejiri,movie,https://t.me/filmHouseFile1bot?start=BQADAQADOgkAAq-EQEaO6CqrdqMpkhYE,,,,,,,,,,,,,,,,,,,,,,,,,,,,,,,,,,,,,,,
Tengoku Daimakyo,208891-tengoku-daimakyo,tv,https://t.me/FilmHouseFilebot?start=BQADAQADEg8AAh-4UEaW3eme59ghLxYE,,,,,,,,,,,,,,,,,,,,,,,,,,,,,,,,,,,,,,,
Terminator Zero,239287-terminator,tv,https://t.me/FilmHouseFilebot?start=BQADAQADWRoAArFaKUZ48XyMJicM9RYE,,,,,,,,,,,,,,,,,,,,,,,,,,,,,,,,,,,,,,,
Terminus,1240212-terminus,movie,https://t.me/FilmHouseFilebot?start=BQADAQADnw8AAh50AAFGoM27c3Ns9PoWBA,,,,,,,,,,,,,,,,,,,,,,,,,,,,,,,,,,,,,,,
That Awkward Moment,225565-that-awkward-moment,movie,https://t.me/filmHouseFile1bot?start=BQADAQADEyAAAh-4UEZHFNLoZ768phYE,,,,,,,,,,,,,,,,,,,,,,,,,,,,,,,,,,,,,,,
The 8th Son? Are You Kidding Me?,99624-the-8th-son-are-you-kidding-me,tv,https://t.me/filmHouseFile1bot?start=BQADAQADuA8AAh-4UEbEQGwbm6RPixYE,,,,,,,,,,,,,,,,,,,,,,,,,,,,,,,,,,,,,,,
The Amazing Spider-Man,1930-the-amazing-spider-man,movie,https://t.me/filmHouseFile1bot?start=BQADAQADYxMAAmjCeUY_oMh1moA0xBYE,,,,,,,,,,,,,,,,,,,,,,,,,,,,,,,,,,,,,,,
The Amazing Spider-Man 2,102382-the-amazing-spider-man-2,movie,https://t.me/filmHouseFile1bot?start=BQADAQADaBMAAmjCeUarJnvcB-5ElhYE,,,,,,,,,,,,,,,,,,,,,,,,,,,,,,,,,,,,,,,
The Angel I Don't Know,1725426-the-angel-i-don-t-know,movie,https://t.me/filmHouseFile1bot?start=BQADAQADfQ4AAq-EQEY_iuWKdlk5LBYE,,,,,,,,,,,,,,,,,,,,,,,,,,,,,,,,,,,,,,,
The Apothecary Diaries,220542-the-apothecary-diaries,tv,https://t.me/FilmHouseFilebot?start=BQADAQADLg8AAh-4UEY2Fnz9Q9kHARYE,,,,,,,,,,,,,,,,,,,,,,,,,,,,,,,,,,,,,,,
The Avengers,24428-the-avengers,movie,[object Object],,,,,,,,,,,,,,,,,,,,,,,,,,,,,,,,,,,,,,,
The Avengers: Earth's Mightiest Heroes,33623-the-avengers-earth-s-mightiest-heroes,tv,[object Object],[object Object],,,,,,,,,,,,,,,,,,,,,,,,,,,,,,,,,,,,,,
The Boy Next Door,241251-the-boy-next-door,movie,https://t.me/filmHouseFile1bot?start=BQADAQADGSAAAh-4UEbxlRwv0niOYBYE,,,,,,,,,,,,,,,,,,,,,,,,,,,,,,,,,,,,,,,
The Boys Presents: Diabolical,152483-the-boys-presents-diabolical,tv,https://t.me/filmHouseFile1bot?start=BQADAQADbBwAAq-ESEZPvQyl1RQvpxYE,,,,,,,,,,,,,,,,,,,,,,,,,,,,,,,,,,,,,,,
The Break-Up,9767-the-break-up,movie,https://t.me/filmHouseFile1bot?start=BQADAQADuR4AAh-4UEaPrQV56oB4fBYE,,,,,,,,,,,,,,,,,,,,,,,,,,,,,,,,,,,,,,,
The Casagrandes,93260-the-casagrandes,tv,https://t.me/FilmHouseFilebot?start=BQADAQADrQYAAmMP-EXX3VAUnz6BfRYE,,,,,,,,,,,,,,,,,,,,,,,,,,,,,,,,,,,,,,,
The Chase,1725433-the-chase,movie,https://t.me/filmHouseFile1bot?start=BQADAQADmw4AAq-EQEYC0q1OYfhHaxYE,,,,,,,,,,,,,,,,,,,,,,,,,,,,,,,,,,,,,,,
The Color Purple,558915-the-color-purple,movie,https://t.me/filmHouseFile1bot?start=BQADAQADyCAAAh-4UEZGwb3Im82mkBYE,,,,,,,,,,,,,,,,,,,,,,,,,,,,,,,,,,,,,,,
The Conjuring,138843-the-conjuring,movie,https://t.me/filmHouseFile1bot?start=BQADAQAD0yAAAh-4UEamU0nEApCmzBYE,,,,,,,,,,,,,,,,,,,,,,,,,,,,,,,,,,,,,,,
The Conjuring 2,259693-the-conjuring-2,movie,https://t.me/filmHouseFile1bot?start=BQADAQAD0iAAAh-4UEYKrHQjVmWLUxYE,,,,,,,,,,,,,,,,,,,,,,,,,,,,,,,,,,,,,,,
The Conjuring: Last Rites,1038392-the-conjuring-last-rites,movie,https://t.me/filmHouseFile1bot?start=BQADAQADLh0AAq-ESEY8ebqZRtzxcRYE,,,,,,,,,,,,,,,,,,,,,,,,,,,,,,,,,,,,,,,
The Conjuring: The Devil Made Me Do It,423108-the-conjuring-the-devil-made-me-do-it,movie,https://t.me/filmHouseFile1bot?start=BQADAQAD1CAAAh-4UEYg304zppZEphYE,,,,,,,,,,,,,,,,,,,,,,,,,,,,,,,,,,,,,,,
The Count of Monte Cristo,11362-the-count-of-monte-cristo,movie,https://t.me/filmHouseFile1bot?start=BQADAQAD_RoAAq-ESEaYVM2lw6y_DhYE,,,,,,,,,,,,,,,,,,,,,,,,,,,,,,,,,,,,,,,
The Date Whisperer,1069202-the-date-whisperer,movie,https://t.me/filmHouseFile1bot?start=BQADAQADHB4AAq-ESEY5wC4G_G3XWBYE,,,,,,,,,,,,,,,,,,,,,,,,,,,,,,,,,,,,,,,
The Day of the Jackal,222766-the-day-of-the-jackal,tv,https://t.me/FilmHouseFilebot?start=BQADAQAD1AgAAiXYYUUzyT6FYzarIhYE,,,,,,,,,,,,,,,,,,,,,,,,,,,,,,,,,,,,,,,
The Death of Robin Hood,1284465-the-death-of-robin-hood,movie,https://t.me/filmHouseFile1bot?start=BQADAQAD2RAAAghnOUY8FS75eMgWWRYE,,,,,,,,,,,,,,,,,,,,,,,,,,,,,,,,,,,,,,,
The Devil Conspiracy,296271-the-devil-conspiracy,movie,https://t.me/filmHouseFile1bot?start=BQADAQADRiAAAh-4UEbtcazvdFqGChYE,,,,,,,,,,,,,,,,,,,,,,,,,,,,,,,,,,,,,,,
The Devil Wears Prada 2,1314481-the-devil-wears-prada-2,movie,https://t.me/filmHouseFile1bot?start=BQADAQADGhAAAghnOUZ8IQYZP-BkgRYE,,,,,,,,,,,,,,,,,,,,,,,,,,,,,,,,,,,,,,,
The Dogs,1081208-the-dogs,movie,[object Object],,,,,,,,,,,,,,,,,,,,,,,,,,,,,,,,,,,,,,,
The Eminence in Shadow,119495,tv,https://t.me/filmHouseFile1bot?start=BQADAQADyhAAAq-ESEaYnFpa0GSwSRYE,https://t.me/filmHouseFile1bot?start=BQADAQAD0RAAAq-ESEbtVfaAbwSJIRYE,,,,,,,,,,,,,,,,,,,,,,,,,,,,,,,,,,,,,,
The Emoji Movie,378236-the-emoji-movie,movie,https://t.me/filmHouseFile1bot?start=BQADAQADkRAAAmjCeUZKTYPqrrwclBYE,,,,,,,,,,,,,,,,,,,,,,,,,,,,,,,,,,,,,,,
The Emperor's New School,4623-the-emperor-s-new-school,tv,https://t.me/filmHouseFile1bot?start=BQADAQADNxsAAq-ESEbQKtfOrfATpRYE,,,,,,,,,,,,,,,,,,,,,,,,,,,,,,,,,,,,,,,
The Escort Wife,1015333-the-escort-wife,movie,https://t.me/filmHouseFile1bot?start=BQADAQADeA8AAq-EQEYXHoaTGcip5BYE,,,,,,,,,,,,,,,,,,,,,,,,,,,,,,,,,,,,,,,
The Exorcism of God,836225-the-exorcism-of-god,movie,https://t.me/filmHouseFile1bot?start=BQADAQAD3R8AAh-4UEYAAWUSIXg9umEWBA,,,,,,,,,,,,,,,,,,,,,,,,,,,,,,,,,,,,,,,
The Fairly OddParents,4630-the-fairly-oddparents,tv,https://t.me/FilmHouseFilebot?start=BQADAQAD9AQAAsvF-EVkNJ_srqPP_hYE,https://t.me/FilmHouseFilebot?start=BQADAQADCQUAAsvF-EWs1CsLLqD4RhYE,https://t.me/FilmHouseFilebot?start=BQADAQADDAUAAsvF-EWjyBcUWmqBTxYE,https://t.me/FilmHouseFilebot?start=BQADAQADDQUAAsvF-EU7_CbgxE4HfRYE,https://t.me/FilmHouseFilebot?start=BQADAQADDwUAAsvF-EURVarhagz0lxYE,https://t.me/FilmHouseFilebot?start=BQADAQADEQUAAsvF-EW3AuHwDKlhWBYE,https://t.me/FilmHouseFilebot?start=BQADAQADEwUAAsvF-EUbT2m3QowDcxYE,https://t.me/FilmHouseFilebot?start=BQADAQADFQUAAsvF-EUXAAGfksiu4G8WBA,https://t.me/FilmHouseFilebot?start=BQADAQADFgUAAsvF-EVcxGUQjVw9oxYE,https://t.me/FilmHouseFilebot?start=BQADAQADFgUAAsvF-EVcxGUQjVw9oxYE,,,,,,,,,,,,,,,,,,,,,,,,,,,,,,
The Falcon and the Winter Soldier,88396-falcon-winter-soldier,tv,https://t.me/FilmHouseFilebot?start=BQADAQADZBsAArFaKUZCBU68csiWlBYE,,,,,,,,,,,,,,,,,,,,,,,,,,,,,,,,,,,,,,,
The Family,219446-the-family,tv,[object Object],,,,,,,,,,,,,,,,,,,,,,,,,,,,,,,,,,,,,,,
The Fantastic 4: First Steps,617126-the-fantastic-4-first-steps,movie,https://t.me/FilmHouseFilebot?start=BQADAQADwBEAArFaIUYoxNBxVeObnhYE,,,,,,,,,,,,,,,,,,,,,,,,,,,,,,,,,,,,,,,
The Fast and the Furious,9799-the-fast-and-the-furious,movie,https://t.me/filmHouseFile1bot?start=BQADAQADJAkAAh-4SEZcJFpw765bHBYE,,,,,,,,,,,,,,,,,,,,,,,,,,,,,,,,,,,,,,,
The Fast and the Furious: Tokyo Drift,9615-the-fast-and-the-furious-tokyo-drift,movie,https://t.me/filmHouseFile1bot?start=BQADAQADJwkAAh-4SEY5tKiSwUTvkBYE,,,,,,,,,,,,,,,,,,,,,,,,,,,,,,,,,,,,,,,
The Fate of the Furious,337339-the-fate-of-the-furious,movie,https://t.me/filmHouseFile1bot?start=BQADAQADHQkAAh-4SEbkS-Z_pJW5GRYE,,,,,,,,,,,,,,,,,,,,,,,,,,,,,,,,,,,,,,,
The Fresh Prince of Bel-Air,1892-the-fresh-prince-of-bel-air,tv,https://t.me/FilmHouseFilebot?start=BQADAQADjg4AAoywoEYxIkiDiThCFhYE,https://t.me/FilmHouseFilebot?start=BQADAQADkg4AAoywoEb4ir-C-VQO0hYE,https://t.me/FilmHouseFilebot?start=BQADAQADlQ4AAoywoEa7Y3QVTBBDwRYE,https://t.me/FilmHouseFilebot?start=BQADAQADlg4AAoywoEa5OITr-6tLhhYE,https://t.me/FilmHouseFilebot?start=BQADAQADmg4AAoywoEb7Qd-usNGlPBYE,https://t.me/FilmHouseFilebot?start=BQADAQADmw4AAoywoEZ7aMlErHBZnhYE,,,,,,,,,,,,,,,,,,,,,,,,,,,,,,,,,,
The Get Out,1279493-the-get-out,movie,https://t.me/filmHouseFile1bot?start=BQADAQADPRAAAghnOUbmaZnnOLl4nBYE,,,,,,,,,,,,,,,,,,,,,,,,,,,,,,,,,,,,,,,
The Gifted,69629-the-gifted,tv,https://t.me/FilmHouseFilebot?start=BQADAQADxR0AArFaKUb12R7YzwvpuBYE,https://t.me/FilmHouseFilebot?start=BQADAQADyh0AArFaKUb0tYrk8nHT0BYE,,,,,,,,,,,,,,,,,,,,,,,,,,,,,,,,,,,,,,
The Girl Next Door,10591-the-girl-next-door,movie,https://t.me/filmHouseFile1bot?start=BQADAQAD3h8AAh-4UEbOHsQdCbrrrxYE,,,,,,,,,,,,,,,,,,,,,,,,,,,,,,,,,,,,,,,
The Great Gatsby,64682-the-great-gatsby,movie,https://t.me/filmHouseFile1bot?start=BQADAQADNA4AAmjCeUYkqDeJhaPDPRYE,,,,,,,,,,,,,,,,,,,,,,,,,,,,,,,,,,,,,,,
The Greatest Showman,316029-the-greatest-showman,movie,https://t.me/filmHouseFile1bot?start=BQADAQADDRUAAp6faUaveAXXYUOvZBYE,,,,,,,,,,,,,,,,,,,,,,,,,,,,,,,,,,,,,,,
The Guardians of the Galaxy Holiday Special,774752-the-guardians-of-the-galaxy-holiday-special,movie,https://t.me/FilmHouseFilebot?start=BQADAQAD5BUAArFaIUYjsV8ToG_hpBYE,,,,,,,,,,,,,,,,,,,,,,,,,,,,,,,,,,,,,,,
The Guilt Trip,82687-the-guilt-trip,movie,https://t.me/filmHouseFile1bot?start=BQADAQADdgkAAh-4SEak1LkZfQoMuxYE,,,,,,,,,,,,,,,,,,,,,,,,,,,,,,,,,,,,,,,
The Hangover,18785-the-hangover,movie,https://t.me/filmHouseFile1bot?start=BQADAQAD8R8AAh-4UEYjJNVrAAGNOdEWBA,,,,,,,,,,,,,,,,,,,,,,,,,,,,,,,,,,,,,,,
The Hangover Part III,109439-the-hangover-part-iii,movie,https://t.me/filmHouseFile1bot?start=BQADAQADxx8AAh-4UEbw07c153wHihYE,,,,,,,,,,,,,,,,,,,,,,,,,,,,,,,,,,,,,,,
The Hive,1177871-the-hive,movie,https://t.me/filmHouseFile1bot?start=BQADAQADHR4AAq-ESEbtT5-pVSODmxYE,,,,,,,,,,,,,,,,,,,,,,,,,,,,,,,,,,,,,,,
The Hot Chick,11852-the-hot-chick,movie,https://t.me/filmHouseFile1bot?start=BQADAQAD1h0AAq-ESEb_AxdnfdQLdhYE,,,,,,,,,,,,,,,,,,,,,,,,,,,,,,,,,,,,,,,
The House of Secrets,1146676-the-house-of-secrets,movie,https://t.me/FilmHouseFilebot?start=BQADAQAD2A8AAh50AAFGIc4nuslKZcIWBA,,,,,,,,,,,,,,,,,,,,,,,,,,,,,,,,,,,,,,,
The Imitation Game,205596-the-imitation-game,movie,https://t.me/filmHouseFile1bot?start=BQADAQADBB8AAh-4UEbumw3dPX9gqhYE,,,,,,,,,,,,,,,,,,,,,,,,,,,,,,,,,,,,,,,
The Intern,257211-the-intern,movie,https://t.me/filmHouseFile1bot?start=BQADAQADsR4AAh-4UEZZVRcq9_gK1xYE,,,,,,,,,,,,,,,,,,,,,,,,,,,,,,,,,,,,,,,
The Interview,228967-the-interview,movie,https://t.me/filmHouseFile1bot?start=BQADAQADdQkAAh-4SEaO-9Fp5BY-PRYE,,,,,,,,,,,,,,,,,,,,,,,,,,,,,,,,,,,,,,,
The Invention of Lying,23082-the-invention-of-lying,movie,https://t.me/filmHouseFile1bot?start=BQADAQADkgkAAh-4SEbCKkJgIVsiAhYE,,,,,,,,,,,,,,,,,,,,,,,,,,,,,,,,,,,,,,,
The Judge,205587-the-judge,movie,https://t.me/filmHouseFile1bot?start=BQADAQADJyAAAh-4UEah7cv4lp1WnRYE,,,,,,,,,,,,,,,,,,,,,,,,,,,,,,,,,,,,,,,
The Kissing Booth,454983-the-kissing-booth,movie,https://t.me/filmHouseFile1bot?start=BQADAQAD4hAAAmjCeUZo1BSfWbuEihYE,,,,,,,,,,,,,,,,,,,,,,,,,,,,,,,,,,,,,,,
The Kissing Booth 2,583083-the-kissing-booth-2,movie,https://t.me/filmHouseFile1bot?start=BQADAQADpBAAAmjCeUbIZ7lKtD092BYE,,,,,,,,,,,,,,,,,,,,,,,,,,,,,,,,,,,,,,,
The Kissing Booth 3,727745-the-kissing-booth-3,movie,https://t.me/filmHouseFile1bot?start=BQADAQADnxEAAmjCeUanD05n6iAmjRYE,,,,,,,,,,,,,,,,,,,,,,,,,,,,,,,,,,,,,,,
The Lady of Monza,124395-la-monaca-di-monza,movie,https://t.me/filmHouseFile1bot?start=BQADAQAD3w8AAq-EQEZd8fmSMatDNRYE,,,,,,,,,,,,,,,,,,,,,,,,,,,,,,,,,,,,,,,
The Last Boy Scout,9319-the-last-boy-scout,movie,https://t.me/filmHouseFile1bot?start=BQADAQADKiAAAh-4UEZ9Y0HDndFKthYE,,,,,,,,,,,,,,,,,,,,,,,,,,,,,,,,,,,,,,,
The Last Rifleman,763144-the-last-rifleman,movie,https://t.me/filmHouseFile1bot?start=BQADAQADHh4AAq-ESEYB-J77zq870xYE,,,,,,,,,,,,,,,,,,,,,,,,,,,,,,,,,,,,,,,
The Last Supper,1380415-the-last-supper,movie,https://t.me/FilmHouseFilebot?start=BQADAQADMgUAAuYdIUSfGSh92230UxYE,,,,,,,,,,,,,,,,,,,,,,,,,,,,,,,,,,,,,,,
The Legend of Korra,33880-the-legend-of-korra,tv,https://t.me/FilmHouseFilebot?start=BQADAQADTQsAAgiQKETImQLfi3TjrhYE,https://t.me/FilmHouseFilebot?start=BQADAQADUAsAAgiQKEQ1-X2UVOZ5pxYE,https://t.me/FilmHouseFilebot?start=BQADAQADUQsAAgiQKERmU6O_focegBYE,https://t.me/FilmHouseFilebot?start=BQADAQADUgsAAgiQKERKUHWN_5TJPhYE,,,,,,,,,,,,,,,,,,,,,,,,,,,,,,,,,,,,
The Legend of Vox Machina,135934-the-legend-of-vox-machina,tv,https://t.me/filmHouseFile1bot?start=BQADAQADZQwAAq-ESEbR7Xff1xRBgxYE,https://t.me/filmHouseFile1bot?start=BQADAQADiAwAAq-ESEaBKfvWsbGcYhYE,https://t.me/filmHouseFile1bot?start=BQADAQADlgwAAq-ESEblFR869h_8dxYE,https://t.me/filmHouseFile1bot?start=BQADAQADoQwAAq-ESEZfL3i-Ne5DDhYE,,,,,,,,,,,,,,,,,,,,,,,,,,,,,,,,,,,,
The Lost Bus,1236470-the-lost-bus,movie,https://t.me/filmHouseFile1bot?start=BQADAQADoh0AAq-ESEZgZwHtNFmEZBYE,,,,,,,,,,,,,,,,,,,,,,,,,,,,,,,,,,,,,,,
The Loud House,68073-the-loud-house,tv,https://t.me/FilmHouseFilebot?start=BQADAQAD5gwAAgiQKEREfEtucKBUbxYE,https://t.me/FilmHouseFilebot?start=BQADAQAD6QwAAgiQKETJMybp6prMyxYE,https://t.me/FilmHouseFilebot?start=BQADAQAD6gwAAgiQKERtoyriueKi4xYE,,,,,,,,,,,,,,,,,,,,,,,,,,,,,,,,,,,,,
The Loud House Movie,410113-the-loud-house-movie,movie,https://t.me/FilmHouseFilebot?start=BQADAQADbgQAAgiQMESs-7fgpn5V9xYE,,,,,,,,,,,,,,,,,,,,,,,,,,,,,,,,,,,,,,,
The Man for the Job,1022733-the-man-for-the-job,movie,https://t.me/FilmHouseFilebot?start=BQADAQADoA8AAh50AAFGkZOw60CbdfIWBA,,,,,,,,,,,,,,,,,,,,,,,,,,,,,,,,,,,,,,,
The Marvels,609681-the-marvels,movie,https://t.me/FilmHouseFilebot?start=BQADAQADrhMAArFaIUbiBsPisn4IyxYE,,,,,,,,,,,,,,,,,,,,,,,,,,,,,,,,,,,,,,,
The Misfit of Demon King Academy,97617,tv,https://t.me/FilmHouseFilebot?start=BQADAQADjhMAAghnMUY3d9J_k-6OPhYE,https://t.me/FilmHouseFilebot?start=BQADAQADkRMAAghnMUYRDTnSEdR5DBYE,,,,,,,,,,,,,,,,,,,,,,,,,,,,,,,,,,,,,,
The Naughty Nine,936059-the-naughty-nine,movie,https://t.me/FilmHouseFilebot?start=BQADAQAD7x0AAh-4UEYn83VBdksVyhYE,,,,,,,,,,,,,,,,,,,,,,,,,,,,,,,,,,,,,,,
The New Mutants,340102-the-new-mutants,movie,https://t.me/FilmHouseFilebot?start=BQADAQADnRsAArFaKUaq4jCeinA8RRYE,,,,,,,,,,,,,,,,,,,,,,,,,,,,,,,,,,,,,,,
The Order of Things,1123088-the-order-of-things,movie,https://t.me/FilmHouseFilebot?start=BQADAQADeA8AAh50AAFGKhFhith9yhoWBA,,,,,,,,,,,,,,,,,,,,,,,,,,,,,,,,,,,,,,,
The Paper Tigers,731738-the-paper-tigers,movie,https://t.me/filmHouseFile1bot?start=BQADAQADMgcAAh-4WEbCpCOlu6Z6xxYE,,,,,,,,,,,,,,,,,,,,,,,,,,,,,,,,,,,,,,,
The Passion of the Christ,615-the-passion-of-the-christ,movie,https://t.me/FilmHouseFilebot?start=BQADAQADJRAAAu8X2EVQayvnMzhmMBYE,,,,,,,,,,,,,,,,,,,,,,,,,,,,,,,,,,,,,,,
The Pope's Exorcist,758323-the-pope-s-exorcist,movie,https://t.me/filmHouseFile1bot?start=BQADAQADOCAAAh-4UEa4YosNhB5ByBYE,,,,,,,,,,,,,,,,,,,,,,,,,,,,,,,,,,,,,,,
The Pretty Ones Are The Loneliest,1560142-the-pretty-ones-are-the-loneliest,movie,https://t.me/FilmHouseFilebot?start=BQADAQADfQ8AAh50AAFGtVfphxNfOrMWBA,,,,,,,,,,,,,,,,,,,,,,,,,,,,,,,,,,,,,,,
The Principles of Pleasure,158764-the-principles-of-pleasure,tv,https://t.me/filmHouseFile1bot?start=BQADAQADnxAAAq-EQEaMaA0EFBTWgBYE,,,,,,,,,,,,,,,,,,,,,,,,,,,,,,,,,,,,,,,
The Really Loud House,211779-the-really-loud-house,tv,https://t.me/FilmHouseFilebot?start=BQADAQAD6AYAAmMP-EX6dSVBqh-BuxYE,,,,,,,,,,,,,,,,,,,,,,,,,,,,,,,,,,,,,,,
The Rising of the Shield Hero,83095,tv,https://t.me/FilmHouseFilebot?start=BQADAQADPBUAArFaIUbzT-VAYaey9hYE,https://t.me/FilmHouseFilebot?start=BQADAQADtxIAArFaKUZiiy-Q4-_OdRYE,https://t.me/FilmHouseFilebot?start=BQADAQADxxIAArFaKUY2SUisgZFX-hYE,,,,,,,,,,,,,,,,,,,,,,,,,,,,,,,,,,,,,
The Secret Life of Kyle,484809-the-secret-life-of-kyle,movie,https://t.me/filmHouseFile1bot?start=BQADAQADgAcAAh-4WEZt9OrlsLWuUBYE,,,,,,,,,,,,,,,,,,,,,,,,,,,,,,,,,,,,,,,
The Secretary,1723794-the-secretary,movie,https://t.me/FilmHouseFilebot?start=BQADAQAD8hcAArFaIUat2A2IQ4vU0RYE,,,,,,,,,,,,,,,,,,,,,,,,,,,,,,,,,,,,,,,
The Sex Lives of College Girls,134373-the-sex-lives-of-college-girls,tv,https://t.me/FilmHouseFilebot?start=BQADAQADvQcAAv8HgEacpnVXlhuFAhYE,https://t.me/FilmHouseFilebot?start=BQADAQADvwcAAv8HgEZrPhdaHxcLYBYE,https://t.me/FilmHouseFilebot?start=BQADAQADXhEAAo_EuUURxYqMb10dpRYE,,,,,,,,,,,,,,,,,,,,,,,,,,,,,,,,,,,,,
The Sheep Detectives,1301421-the-sheep-detectives,movie,https://t.me/filmHouseFile1bot?start=BQADAQAD-QgAAh-4SEYgkEOE_ARmAAEWBA,,,,,,,,,,,,,,,,,,,,,,,,,,,,,,,,,,,,,,,
The Shining,694-the-shining,movie,https://t.me/filmHouseFile1bot?start=BQADAQADFR8AAh-4UEZmWoZqbE7XexYE,,,,,,,,,,,,,,,,,,,,,,,,,,,,,,,,,,,,,,,
The Son of Bigfoot,413644-the-son-of-bigfoot,movie,https://t.me/filmHouseFile1bot?start=BQADAQAD3B8AAh-4UEYzvPFSSJAhRhYE,,,,,,,,,,,,,,,,,,,,,,,,,,,,,,,,,,,,,,,
The Stand Up,1066891-the-stand-up,movie,https://t.me/FilmHouseFilebot?start=BQADAQADqA8AAh50AAFG-nQcLcwsIycWBA,,,,,,,,,,,,,,,,,,,,,,,,,,,,,,,,,,,,,,,
The Strange Thing About the Johnsons,164052-the-strange-thing-about-the-johnsons,movie,https://t.me/filmHouseFile1bot?start=BQADAQAD4xAAAmjCeUb-avzt_Z_MwxYE,,,,,,,,,,,,,,,,,,,,,,,,,,,,,,,,,,,,,,,
The Studio,247767-the-studio,tv,https://t.me/filmHouseFile1bot?start=BQADAQADehwAAq-ESEaurbBj0ev5nBYE,,,,,,,,,,,,,,,,,,,,,,,,,,,,,,,,,,,,,,,
The Suicide Squad,436969-the-suicide-squad,movie,https://t.me/filmHouseFile1bot?start=BQADAQADOyAAAh-4UEao3kgyK_G44BYE,,,,,,,,,,,,,,,,,,,,,,,,,,,,,,,,,,,,,,,
The Super Mario Bros. Movie,502356-the-super-mario-bros-movie,movie,https://t.me/filmHouseFile1bot?start=BQADAQADrxEAAmjCeUYKXjkDKu3XHhYE,,,,,,,,,,,,,,,,,,,,,,,,,,,,,,,,,,,,,,,
The Super Mario Galaxy Movie,1226863-the-super-mario-galaxy-movie,movie,https://t.me/filmHouseFile1bot?start=BQADAQAD_BEAAmjCeUbEMyaOca_D_xYE,,,,,,,,,,,,,,,,,,,,,,,,,,,,,,,,,,,,,,,
The Switch,41210-the-switch,movie,https://t.me/filmHouseFile1bot?start=BQADAQADzh0AAq-ESEbYRUCdhv0ZeRYE,,,,,,,,,,,,,,,,,,,,,,,,,,,,,,,,,,,,,,,
The Three Stooges,76489-the-three-stooges,movie,https://t.me/filmHouseFile1bot?start=BQADAQADYiAAAh-4UEZhpPqxGNSdChYE,,,,,,,,,,,,,,,,,,,,,,,,,,,,,,,,,,,,,,,
The Thundermans,58981-the-thundermans,tv,https://t.me/+cJUgTGPMeXoyM2Nk,,,,,,,,,,,,,,,,,,,,,,,,,,,,,,,,,,,,,,,
The Thursday Murder Club,744653-the-thursday-murder-club,movie,https://t.me/filmHouseFile1bot?start=BQADAQAD_xwAAq-ESEZBFf94is80DhYE,,,,,,,,,,,,,,,,,,,,,,,,,,,,,,,,,,,,,,,
The Tomorrow War,588228-the-tomorrow-war,movie,https://t.me/filmHouseFile1bot?start=BQADAQADMxEAAmjCeUazTKl0liaf9RYE,,,,,,,,,,,,,,,,,,,,,,,,,,,,,,,,,,,,,,,
The Trade,1101365-the-trade,movie,https://t.me/FilmHouseFilebot?start=BQADAQADTA8AAh50AAFGGtu9BnRuE30WBA,,,,,,,,,,,,,,,,,,,,,,,,,,,,,,,,,,,,,,,
The Umbrella Academy,75006-umbrella-academy,tv,https://t.me/FilmHouseFilebot?start=BQADAQAD8AYAAh55yUUjzWjoGWmXxBYE,https://t.me/FilmHouseFilebot?start=BQADAQAD0QUAAuaSwUVNy-fYvyf6NhYE,https://t.me/FilmHouseFilebot?start=BQADAQAD-AYAAh55yUUAAYiBL8RjUygWBA,https://t.me/FilmHouseFilebot?start=BQADAQAEBwACHnnJRRFG5KK00XhnFgQ,,,,,,,,,,,,,,,,,,,,,,,,,,,,,,,,,,,,
The Vow,72570-the-vow,movie,https://t.me/filmHouseFile1bot?start=BQADAQADnREAAmjCeUZS2K-iXwM1SRYE,,,,,,,,,,,,,,,,,,,,,,,,,,,,,,,,,,,,,,,
The White Storm,233112-the-white-storm,movie,https://t.me/filmHouseFile1bot?start=BQADAQADIB4AAq-ESEY0kyqDOvQOXhYE,,,,,,,,,,,,,,,,,,,,,,,,,,,,,,,,,,,,,,,
The White Storm 2: Drug Lords,512731-the-white-storm-2-drug-lords,movie,https://t.me/filmHouseFile1bot?start=BQADAQADIR4AAq-ESEZldSGWdRInjRYE,,,,,,,,,,,,,,,,,,,,,,,,,,,,,,,,,,,,,,,
The White Storm 3: Heaven or Hell,1093485-the-white-storm-3-heaven-or-hell,movie,[object Object],,,,,,,,,,,,,,,,,,,,,,,,,,,,,,,,,,,,,,,
The Wolf of Wall Street,106646-the-wolf-of-wall-street,movie,https://t.me/filmHouseFile1bot?start=BQADAQADfAkAAh-4SEZohxDeumMzoxYE,,,,,,,,,,,,,,,,,,,,,,,,,,,,,,,,,,,,,,,
The Wolverine,76170-the-wolverine,movie,[object Object],,,,,,,,,,,,,,,,,,,,,,,,,,,,,,,,,,,,,,,
The Woman King,724495-the-woman-king,movie,https://t.me/filmHouseFile1bot?start=BQADAQADPSAAAh-4UEY-buU2DF5D8hYE,,,,,,,,,,,,,,,,,,,,,,,,,,,,,,,,,,,,,,,
Them,120462-them,tv,https://t.me/FilmHouseFilebot?start=BQADAQADNgUAAvSgAAFH-ud7OlxipzMWBA,,,,,,,,,,,,,,,,,,,,,,,,,,,,,,,,,,,,,,,
They Will Kill You,1292695-they-will-kill-you,movie,https://t.me/filmHouseFile1bot?start=BQADAQAD-hgAAq-ESEaChETZ1bKqthYE,,,,,,,,,,,,,,,,,,,,,,,,,,,,,,,,,,,,,,,
This Is the End,109414-this-is-the-end,movie,https://t.me/filmHouseFile1bot?start=BQADAQADUAkAAh-4SEYj-47hw5OKVxYE,,,,,,,,,,,,,,,,,,,,,,,,,,,,,,,,,,,,,,,
Thor,10195-thor,movie,[object Object],,,,,,,,,,,,,,,,,,,,,,,,,,,,,,,,,,,,,,,
Thor: Love and Thunder,616037-thor-love-and-thunder,movie,https://t.me/FilmHouseFilebot?start=BQADAQADPRYAArFaIUaBrnVKRsFwrBYE,https://t.me/FilmHouseFilebot?start=BQADAQADPxYAArFaIUatMhG1HYD0zxYE,,,,,,,,,,,,,,,,,,,,,,,,,,,,,,,,,,,,,,
Thor: Ragnarok,284053-thor-ragnarok,movie,https://t.me/FilmHouseFilebot?start=BQADAQADdR4AArFaKUbWBjH_PySichYE,https://t.me/FilmHouseFilebot?start=BQADAQADcR4AArFaKUb3sLqdtGE2OhYE,,,,,,,,,,,,,,,,,,,,,,,,,,,,,,,,,,,,,,
Thor: The Dark World,76338-thor-the-dark-world,movie,[object Object],,,,,,,,,,,,,,,,,,,,,,,,,,,,,,,,,,,,,,,
Threesome,130467-threesome,tv,https://t.me/filmHouseFile1bot?start=BQADAQADFhAAAq-EQEbX1gRms_nJChYE,,,,,,,,,,,,,,,,,,,,,,,,,,,,,,,,,,,,,,,
Through My Window 3: Looking at You,1139566-through-my-window-3-looking-at-you,movie,https://t.me/filmHouseFile1bot?start=BQADAQAD1SAAAh-4UEZiLAhxVLfcwRYE,,,,,,,,,,,,,,,,,,,,,,,,,,,,,,,,,,,,,,,
Thunderbolts*,986056-thunderbolts,movie,https://t.me/FilmHouseFilebot?start=BQADAQAD0xEAArFaIUapSuu2vCliSxYE,,,,,,,,,,,,,,,,,,,,,,,,,,,,,,,,,,,,,,,
To All the Boys I've Loved Before,466282-to-all-the-boys-i-ve-loved-before,movie,https://t.me/FilmHouseFilebot?start=BQADAQADPBgAAkKtqEWU8mhI_YoAAdAWBA,,,,,,,,,,,,,,,,,,,,,,,,,,,,,,,,,,,,,,,
To All the Boys: Always and Forever,614409-to-all-the-boys-always-and-forever,movie,https://t.me/FilmHouseFilebot?start=BQADAQADPhgAAkKtqEUwuY_L0AABLsAWBA,,,,,,,,,,,,,,,,,,,,,,,,,,,,,,,,,,,,,,,
To All the Boys: P.S. I Still Love You,565426-to-all-the-boys-p-s-i-still-love-you,movie,https://t.me/FilmHouseFilebot?start=BQADAQADPRgAAkKtqEXPnvPZfK_unBYE,,,,,,,,,,,,,,,,,,,,,,,,,,,,,,,,,,,,,,,
Tokyo Ghoul,61374,tv,https://t.me/filmHouseFile1bot?start=BQADAQAD4g0AAq-ESEbSQIbEK4H3kxYE,https://t.me/filmHouseFile1bot?start=BQADAQAD6Q0AAq-ESEa_I70q_o74OhYE,https://t.me/filmHouseFile1bot?start=BQADAQAD7w0AAq-ESEbJzD8yC_UutxYE,https://t.me/filmHouseFile1bot?start=BQADAQAD8g0AAq-ESEawCDd7aKx36RYE,,,,,,,,,,,,,,,,,,,,,,,,,,,,,,,,,,,,
Totally Spies!,2808-totally-spies,tv,https://t.me/filmHouseFile1bot?start=BQADAQADVRwAAq-ESEYdoSDpJfBrThYE,https://t.me/filmHouseFile1bot?start=BQADAQADVhwAAq-ESEYYRFIz1RhEHRYE,https://t.me/filmHouseFile1bot?start=BQADAQADWRwAAq-ESEbbYSw0qIwxNhYE,https://t.me/filmHouseFile1bot?start=BQADAQADXRwAAq-ESEagOZKa_UJs7RYE,,,,,,,,,,,,,,,,,,,,,,,,,,,,,,,,,,,,
Tower of God,97860,tv,https://t.me/FilmHouseFilebot?start=BQADAQADLgkAAq-EQEatJwTiYoMsThYE,https://t.me/filmHouseFile1bot?start=BQADAQADRQkAAq-EQEYQ_Wnp8poCpxYE,,,,,,,,,,,,,,,,,,,,,,,,,,,,,,,,,,,,,,
Toy Story,862-toy-story,movie,https://t.me/filmHouseFile1bot?start=BQADAQADfBkAAq-ESEZI3JhHm5RWpxYE,,,,,,,,,,,,,,,,,,,,,,,,,,,,,,,,,,,,,,,
Toy Story 2,863-toy-story-2,movie,https://t.me/filmHouseFile1bot?start=BQADAQADqxkAAq-ESEbOloOHvEOT1RYE,,,,,,,,,,,,,,,,,,,,,,,,,,,,,,,,,,,,,,,
Toy Story 3,10193-toy-story-3,movie,https://t.me/filmHouseFile1bot?start=BQADAQADFhoAAq-ESEYrIRcZvmXpeBYE,,,,,,,,,,,,,,,,,,,,,,,,,,,,,,,,,,,,,,,
Toy Story 4,301528-toy-story-4,movie,https://t.me/filmHouseFile1bot?start=BQADAQADeRoAAq-ESEa_1ag_dnZLbxYE,,,,,,,,,,,,,,,,,,,,,,,,,,,,,,,,,,,,,,,
Tracers,290764-tracers,movie,https://t.me/filmHouseFile1bot?start=BQADAQADSiAAAh-4UEZEs_49lgdUGRYE,,,,,,,,,,,,,,,,,,,,,,,,,,,,,,,,,,,,,,,
Training Wheels,229408-training-wheels,movie,https://t.me/filmHouseFile1bot?start=BQADAQADgQcAAh-4WEbOsid45Tec1BYE,,,,,,,,,,,,,,,,,,,,,,,,,,,,,,,,,,,,,,,
Treasure in the sky,1258368-treasure-in-the-sky,movie,https://t.me/FilmHouseFilebot?start=BQADAQADPRUAAghnMUbFKuCGO5XyPRYE,,,,,,,,,,,,,,,,,,,,,,,,,,,,,,,,,,,,,,,
Trinkets,89852-trinkets,tv,https://t.me/FilmHouseFilebot?start=BQADAQADWgUAAkADiEUzh8xkNrDz-RYE,,,,,,,,,,,,,,,,,,,,,,,,,,,,,,,,,,,,,,,
Trolls,136799-trolls,movie,https://t.me/filmHouseFile1bot?start=BQADAQADSQkAAh-4SEZqXISMPx5gxRYE,,,,,,,,,,,,,,,,,,,,,,,,,,,,,,,,,,,,,,,
Trolls Band Together,901362-trolls-band-together,movie,https://t.me/filmHouseFile1bot?start=BQADAQADSgkAAh-4SEYNTWzGLJHp7xYE,,,,,,,,,,,,,,,,,,,,,,,,,,,,,,,,,,,,,,,
Trolls Holiday in Harmony,896221-trolls-holiday-in-harmony,movie,https://t.me/filmHouseFile1bot?start=BQADAQADSwkAAh-4SEa8ZPR10nIu7BYE,,,,,,,,,,,,,,,,,,,,,,,,,,,,,,,,,,,,,,,
Trolls World Tour,446893-trolls-world-tour,movie,https://t.me/filmHouseFile1bot?start=BQADAQADTgkAAh-4SEY7N-nhwt3SKhYE,,,,,,,,,,,,,,,,,,,,,,,,,,,,,,,,,,,,,,,
Tuner,1340206-tuner,movie,https://t.me/filmHouseFile1bot?start=BQADAQADvBAAAghnOUZYBJvgZYFTgRYE,,,,,,,,,,,,,,,,,,,,,,,,,,,,,,,,,,,,,,,
Turtles All the Way Down,574451-turtles-all-the-way-down,movie,https://t.me/filmHouseFile1bot?start=BQADAQADgwkAAh-4SEbTMaFGrGKbDhYE,,,,,,,,,,,,,,,,,,,,,,,,,,,,,,,,,,,,,,,
Tyler Perry's A Madea Homecoming,845404-tyler-perry-s-a-madea-homecoming,movie,https://t.me/filmHouseFile1bot?start=BQADAQAD4R4AAh-4UEar8k8UOlEPdxYE,,,,,,,,,,,,,,,,,,,,,,,,,,,,,,,,,,,,,,,
Uglies,748167-uglies,movie,https://t.me/filmHouseFile1bot?start=BQADAQADsh4AAh-4UEZ3cS9gsk6kUBYE,,,,,,,,,,,,,,,,,,,,,,,,,,,,,,,,,,,,,,,
Unbreakable Machine-Doll,68640-unbreakable-machine-doll,tv,https://t.me/filmHouseFile1bot?start=BQADAQAD2g8AAh-4UEZ7UJdBRgIRIxYE,,,,,,,,,,,,,,,,,,,,,,,,,,,,,,,,,,,,,,,
Uncharted,335787-uncharted,movie,https://t.me/filmHouseFile1bot?start=BQADAQADERUAAp6faUZa74Tqi_1MGhYE,,,,,,,,,,,,,,,,,,,,,,,,,,,,,,,,,,,,,,,
Uncle Drew,474335-uncle-drew,movie,https://t.me/filmHouseFile1bot?start=BQADAQADTyAAAh-4UEaMEzMLFnh14xYE,,,,,,,,,,,,,,,,,,,,,,,,,,,,,,,,,,,,,,,
Undead Unluck,209077,tv,https://t.me/filmHouseFile1bot?start=BQADAQADghIAAq-ESEbqiI33Gv02wBYE,,,,,,,,,,,,,,,,,,,,,,,,,,,,,,,,,,,,,,,
Unexpected Places,1725249-unexpected-places,movie,https://t.me/filmHouseFile1bot?start=BQADAQADeRMAAghnOUbrjAnsb9gRjRYE,,,,,,,,,,,,,,,,,,,,,,,,,,,,,,,,,,,,,,,
Upgrade,500664-upgrade,movie,https://t.me/filmHouseFile1bot?start=BQADAQADNRIAAmjCeUa2yaCe2nik9xYE,,,,,,,,,,,,,,,,,,,,,,,,,,,,,,,,,,,,,,,
Veer-Zaara,4251-veer-zaara,movie,https://t.me/filmHouseFile1bot?start=BQADAQADQQcAAh-4WEb5jpgzPeUZExYE,,,,,,,,,,,,,,,,,,,,,,,,,,,,,,,,,,,,,,,
Venom,335983-venom,movie,https://t.me/FilmHouseFilebot?start=BQADAQADZBwAArFaKUYibZQh_KuPAAEWBA,,,,,,,,,,,,,,,,,,,,,,,,,,,,,,,,,,,,,,,
Venom: Let There Be Carnage,580489-venom-let-there-be-carnage,movie,https://t.me/FilmHouseFilebot?start=BQADAQADGRsAArFaKUa7FLKlQ3Tx6hYE,,,,,,,,,,,,,,,,,,,,,,,,,,,,,,,,,,,,,,,
Venom: The Last Dance,912649-venom-the-last-dance,movie,https://t.me/FilmHouseFilebot?start=BQADAQADKBIAArFaIUYP_eIecs3thxYE,,,,,,,,,,,,,,,,,,,,,,,,,,,,,,,,,,,,,,,
Venom: The Last Dance,912649-venom-the-last-dance,movie,https://t.me/FilmHouseFilebot?start=BQADAQADeRwAArFaKUY39zq3jsRO9RYE,,,,,,,,,,,,,,,,,,,,,,,,,,,,,,,,,,,,,,,
Violet Evergarden,75214-violet-evergarden,tv,https://t.me/FilmHouseFilebot?start=BQADAQAD-RIAAghnMUaJmdLSGQnOYhYE,,,,,,,,,,,,,,,,,,,,,,,,,,,,,,,,,,,,,,,
Violet Evergarden: Eternity and the Auto Memory Doll,610892,movie,https://t.me/FilmHouseFilebot?start=BQADAQADHhMAAghnMUaWH0k0plMkfBYE,,,,,,,,,,,,,,,,,,,,,,,,,,,,,,,,,,,,,,,
Violet Evergarden: The Movie,533514,movie,https://t.me/FilmHouseFilebot?start=BQADAQADGBMAAghnMUawnI9IFvOsHxYE,,,,,,,,,,,,,,,,,,,,,,,,,,,,,,,,,,,,,,,
WALL·E,10681-wall-e,movie,https://t.me/filmHouseFile1bot?start=BQADAQADnh4AAh-4UEbiG9dI5la_zhYE,,,,,,,,,,,,,,,,,,,,,,,,,,,,,,,,,,,,,,,
WandaVision,85271-wandavision,tv,https://t.me/FilmHouseFilebot?start=BQADAQADbRsAArFaKUZRbSOn61snbRYE,,,,,,,,,,,,,,,,,,,,,,,,,,,,,,,,,,,,,,,
War Machine,1265609-war-machine,movie,https://t.me/filmHouseFile1bot?start=BQADAQADXxcAAq-EQEbJ5Xw_nhH-fBYE,,,,,,,,,,,,,,,,,,,,,,,,,,,,,,,,,,,,,,,
War Room,323272-war-room,movie,https://t.me/filmHouseFile1bot?start=BQADAQADUSAAAh-4UEZXmv8ePBaTTBYE,,,,,,,,,,,,,,,,,,,,,,,,,,,,,,,,,,,,,,,
Warrior Nun,87689-warrior-nun,tv,https://t.me/FilmHouseFilebot?start=BQADAQADHgUAAjHwGEcifF7NCtme1xYE,https://t.me/FilmHouseFilebot?start=BQADAQADIQUAAjHwGEchajgECjFcMxYE,,,,,,,,,,,,,,,,,,,,,,,,,,,,,,,,,,,,,,
Water & Garri,1285427-water-garri,movie,https://t.me/FilmHouseFilebot?start=BQADAQADUhAAAh50AAFGJ5io0xY5790WBA,,,,,,,,,,,,,,,,,,,,,,,,,,,,,,,,,,,,,,,
We Can Be Heroes,615677-we-can-be-heroes,movie,https://t.me/filmHouseFile1bot?start=BQADAQAD9SAAAh-4UEaV3RMgBseByBYE,,,,,,,,,,,,,,,,,,,,,,,,,,,,,,,,,,,,,,,
We're So Dead (2025),1525703-we-re-so-dead,movie,https://t.me/filmHouseFile1bot?start=BQADAQAD5Q4AAq-EQEYX3ekOISyCOhYE,,,,,,,,,,,,,,,,,,,,,,,,,,,,,,,,,,,,,,,
Weapons,1078605-weapons,movie,https://t.me/filmHouseFile1bot?start=BQADAQAD0hwAAq-ESEbT9TV2DuJj7BYE,,,,,,,,,,,,,,,,,,,,,,,,,,,,,,,,,,,,,,,
Wednesday,119051-wednesday,tv,https://t.me/FilmHouseFilebot?start=BQADAQADHggAAka6CUTPqNfxJS4nJBYE,,,,,,,,,,,,,,,,,,,,,,,,,,,,,,,,,,,,,,,
Welcome to Demon School! Iruma-kun,91801-welcome-to-demon-school-iruma-kun,tv,https://t.me/filmHouseFile1bot?start=BQADAQADHhAAAh-4UEbTB8PeW10W0BYE,https://t.me/filmHouseFile1bot?start=BQADAQADJRAAAh-4UEai3SUT7zJU2RYE,https://t.me/filmHouseFile1bot?start=BQADAQADLBAAAh-4UEaXbYAUrKeVRRYE,,,,,,,,,,,,,,,,,,,,,,,,,,,,,,,,,,,,,
Werewolf by Night,894205-werewolf-by-night,movie,https://t.me/FilmHouseFilebot?start=BQADAQADFBYAArFaIUbTdXHd96NyIxYE,,,,,,,,,,,,,,,,,,,,,,,,,,,,,,,,,,,,,,,
What About Bob?,10276-what-about-bob,movie,[object Object],,,,,,,,,,,,,,,,,,,,,,,,,,,,,,,,,,,,,,,
What If...?,91363-what-if,tv,https://t.me/FilmHouseFilebot?start=BQADAQADxA4AAgmjcES0aW1m-oSVvRYE,,,,,,,,,,,,,,,,,,,,,,,,,,,,,,,,,,,,,,,
What Women Want,3981-what-women-want,movie,https://t.me/FilmHouseFilebot?start=BQADAQADQxEAAo_EuUXeWgfeXJJ2MRYE,,,,,,,,,,,,,,,,,,,,,,,,,,,,,,,,,,,,,,,
White House Down,117251-white-house-down,movie,https://t.me/filmHouseFile1bot?start=BQADAQAD3CAAAh-4UEZfzn35ZRFVShYE,,,,,,,,,,,,,,,,,,,,,,,,,,,,,,,,,,,,,,,
White Men Can't Jump,10158-white-men-can-t-jump,movie,https://t.me/filmHouseFile1bot?start=BQADAQAD5iAAAh-4UEZCTarAcj_HvRYE,,,,,,,,,,,,,,,,,,,,,,,,,,,,,,,,,,,,,,,
Wolverine,38247-wolverine,tv,[object Object],,,,,,,,,,,,,,,,,,,,,,,,,,,,,,,,,,,,,,,
Wonder Man,198178-wonder-man,tv,https://t.me/FilmHouseFilebot?start=BQADAQADjxEAArFaIUZGtcXcZP0jDBYE,,,,,,,,,,,,,,,,,,,,,,,,,,,,,,,,,,,,,,,
Wreck-It Ralph,82690-wreck-it-ralph,movie,https://t.me/filmHouseFile1bot?start=BQADAQADnh0AAq-ESEY-g_txy1kZqBYE,,,,,,,,,,,,,,,,,,,,,,,,,,,,,,,,,,,,,,,
X-Deal,112062-x-deal,movie,https://t.me/filmHouseFile1bot?start=BQADAQADkBAAAq-EQEaMGawea5InohYE,,,,,,,,,,,,,,,,,,,,,,,,,,,,,,,,,,,,,,,
X-Men,43146-x-men,tv,[object Object],,,,,,,,,,,,,,,,,,,,,,,,,,,,,,,,,,,,,,,
X-Men '97,138502-x-men-97,tv,https://t.me/FilmHouseFilebot?start=BQADAQADAhMAArFaIUYsrsdPbDy26RYE,,,,,,,,,,,,,,,,,,,,,,,,,,,,,,,,,,,,,,,
X-Men: Apocalypse,246655-x-men-apocalypse,movie,https://t.me/FilmHouseFilebot?start=BQADAQADYR8AArFaKUZe-z_QDrVihBYE,,,,,,,,,,,,,,,,,,,,,,,,,,,,,,,,,,,,,,,
X-Men: First Class,49538-x-men-first-class,movie,[object Object],,,,,,,,,,,,,,,,,,,,,,,,,,,,,,,,,,,,,,,
"XO, Kitty",195670-xo-kitty,tv,https://t.me/FilmHouseFilebot?start=BQADAQADiQQAArvuOUdOg1iYRsGOeRYE,,,,,,,,,,,,,,,,,,,,,,,,,,,,,,,,,,,,,,,
Yellow Is the New Black,553903-yellow-is-the-new-black,movie,https://t.me/filmHouseFile1bot?start=BQADAQADggcAAh-4WEa7WkDQjeyciRYE,,,,,,,,,,,,,,,,,,,,,,,,,,,,,,,,,,,,,,,
YOLO,97057-yolo-tv-series-ghana,tv,https://t.me/FilmHouseFilebot?start=BQADAQADuwMAAsvIMUZKG4QODm2_nxYE,https://t.me/FilmHouseFilebot?start=BQADAQAD1wMAAsvIMUazRZ4NmVcX1RYE,https://t.me/FilmHouseFilebot?start=BQADAQAD2QMAAsvIMUYadh-H-mIgUxYE,https://t.me/FilmHouseFilebot?start=BQADAQAD2wMAAsvIMUZnMTs5V82eNhYE,https://t.me/FilmHouseFilebot?start=BQADAQAD3wMAAsvIMUb31zkzSm3bGxYE,https://t.me/FilmHouseFilebot?start=BQADAQADMAsAAtuCQEYB6OqD37FvDxYE,https://t.me/FilmHouseFilebot?start=BQADAQADYw8AAh50AAFGKjUibLugm24WBA,,,,,,,,,,,,,,,,,,,,,,,,,,,,,,,,,
You,78191-you,tv,https://t.me/FilmHouseFilebot?start=BQADAQADLAoAAkADgEW-CI-tAY5pRxYE,https://t.me/FilmHouseFilebot?start=BQADAQADLQoAAkADgEXONvx-ZwjIsxYE,https://t.me/FilmHouseFilebot?start=BQADAQADLgoAAkADgEXaniwMR0vO2xYE,https://t.me/FilmHouseFilebot?start=BQADAQADMgoAAkADgEVW3M3v1nA0phYE,,,,,,,,,,,,,,,,,,,,,,,,,,,,,,,,,,,,
You People,866413-you-people,movie,https://t.me/filmHouseFile1bot?start=BQADAQADiQkAAh-4SEY5EuSZYtBgZBYE,,,,,,,,,,,,,,,,,,,,,,,,,,,,,,,,,,,,,,,
You're Not Supposed to Be Here,1184784-you-re-not-supposed-to-be-here,movie,https://t.me/filmHouseFile1bot?start=BQADAQADIh4AAq-ESEZRmrQzgCbq3xYE,,,,,,,,,,,,,,,,,,,,,,,,,,,,,,,,,,,,,,,
Young Sheldon,71728-young-sheldon,tv,https://t.me/FilmHouseFilebot?start=BQADAQAD5AUAAnsCmUbqkszGJYQLwBYE,https://t.me/FilmHouseFilebot?start=BQADAQAD5QUAAnsCmUa6e6Oi11n2shYE,https://t.me/FilmHouseFilebot?start=BQADAQAD5wUAAnsCmUb-nqCuuWN2aBYE,https://t.me/FilmHouseFilebot?start=BQADAQAD6QUAAnsCmUaZBY7eje6mpRYE,https://t.me/FilmHouseFilebot?start=BQADAQAD6gUAAnsCmUYmoyCrymE1chYE,https://t.me/FilmHouseFilebot?start=BQADAQAD6wUAAnsCmUZ914DlGJGeYxYE,https://t.me/FilmHouseFilebot?start=BQADAQADeAkAAhsfEEd0WvknSeRbehYE,,,,,,,,,,,,,,,,,,,,,,,,,,,,,,,,,
Your Friendly Neighborhood Spider-Man,138503-your-friendly-neighborhood-spider-man,tv,https://t.me/FilmHouseFilebot?start=BQADAQADGBIAArFaIUYq2asLr5d_ZRYE,,,,,,,,,,,,,,,,,,,,,,,,,,,,,,,,,,,,,,,
Your Place or Mine,703451-your-place-or-mine,movie,https://t.me/filmHouseFile1bot?start=BQADAQADIRAAAq-EQEbgr6M-xNG3TxYE,,,,,,,,,,,,,,,,,,,,,,,,,,,,,,,,,,,,,,,
Zack and Miri Make a Porno,10358-zack-and-miri-make-a-porno,movie,https://t.me/filmHouseFile1bot?start=BQADAQADVAkAAh-4SEZCW7ly1N6kIxYE,,,,,,,,,,,,,,,,,,,,,,,,,,,,,,,,,,,,,,,
Zoey 101,1778-zoey-101,tv,https://t.me/+cJUgTGPMeXoyM2Nk,,,,,,,,,,,,,,,,,,,,,,,,,,,,,,,,,,,,,,,